date,peak_mw,shortage_mw,energy_met_mu,energy_shortage_mu,Delhi_TMax,Delhi_TMin,Bengaluru_TMax,Bengaluru_TMin,Chennai_TMax,Chennai_TMin,Hyderabad_TMax,Hyderabad_TMin,Kolkata_TMax,Kolkata_TMin,Mumbai_TMax,Mumbai_TMin,Pune_TMax,Pune_TMin,Natl_TMax,Natl_TMin,DayOfYear,Month,DOW,IsWeekend
2021-08-10,190442,374,4326,4.1,33.4,25,30.7,21.8,36.1,23.6,34,25.4,33.9,28.3,32.5,26.4,30.7,21.7,33.04285714,24.6,222,8,1,0
2021-08-11,191692,1410,4377,8.39,35.8,26.3,27.3,20.8,35.5,27.6,33,24.4,35.3,28.1,31.9,26.5,27.6,20.4,32.34285714,24.87142857,223,8,2,0
2021-08-12,194696,1331,4428,8.03,36.2,26.4,28.2,21.3,36.2,27,34.1,24.2,35,28.3,31.8,24.4,29.7,20.7,33.02857143,24.61428571,224,8,3,0
2021-08-13,196152,919,4455,6.37,36.2,27,27,20,34,27.7,33.9,24,31.3,27.3,30.5,25.4,25.8,19.5,31.24285714,24.41428571,225,8,4,0
2021-08-14,193038,923,4441,6.79,36.2,26.8,27.4,20.3,35.4,25.6,31.8,24,33.1,28.1,30.8,24.4,29.6,21.4,32.04285714,24.37142857,226,8,5,1
2021-08-15,183890,271,4261,5.15,36.8,27,28,20,34.6,27.7,32.2,23.6,34.8,27.7,30.9,23.6,27.6,20.9,32.12857143,24.35714286,227,8,6,1
2021-08-16,196246,2992,4372,16.1,37,27.3,28,20.7,32.6,27.3,32.6,21.8,35,28,28.1,23.8,25.6,20.6,31.27142857,24.21428571,228,8,0,0
2021-08-17,195055,2355,4425,12.92,37.4,28.1,26.5,20.3,32.8,24.1,26.4,22.2,31.8,27.2,28.1,23.8,27.5,21.8,30.07142857,23.92857143,229,8,1,0
2021-08-18,193867,1987,4384,7.51,38,27.4,26.7,20.7,33.1,26,26,22.3,30.4,26,29.4,23.5,26.1,21.3,29.95714286,23.88571429,230,8,2,0
2021-08-19,193782,751,4364,5.3,38,27.5,28.4,20.4,34.8,27.6,27.8,22.2,30.3,25.5,27,23,26.4,21.1,30.38571429,23.9,231,8,3,0
2021-08-20,186575,200,4205,3.69,36.5,27.3,28.8,20.5,34.6,24.7,28.5,23,30.5,25.5,27.2,23.4,25.8,21.4,30.27142857,23.68571429,232,8,4,0
2021-08-21,175699,200,4014,3.45,32.8,23.8,28.6,21.1,33.6,27.6,28.7,23.1,28.8,26.6,27.6,23.3,27.2,21.6,29.61428571,23.87142857,233,8,5,1
2021-08-22,162928,213,3733,5.34,32.6,24.5,27.7,19.2,31.4,25.5,29.7,22.6,32,26.9,26.4,24,26.6,20.9,29.48571429,23.37142857,234,8,6,1
2021-08-23,180229,375,3988,4.3,34.3,26.2,27.1,20.5,33,25.1,32.9,24.2,34.6,27.7,29.7,23.8,29.7,19.4,31.61428571,23.84285714,235,8,0,0
2021-08-24,186452,1176,4208,7.54,35.2,27.3,29,20.3,33.1,26.5,33.4,22.2,34.9,27.7,32.2,25,31.1,21,32.7,24.28571429,236,8,1,0
2021-08-25,188924,3759,4292,20.15,34.6,27.4,29.1,20.7,34.8,25.3,33.4,23.3,35,28,32.3,25.2,31.7,19.8,32.98571429,24.24285714,237,8,2,0
2021-08-26,190483,3278,4294,19,36.4,26.6,28.8,21,35.7,26.7,32.3,21.8,34.5,27.1,31.8,25.2,30.3,20.8,32.82857143,24.17142857,238,8,3,0
2021-08-27,191567,7007,4272,65.62,35.2,25.4,30.4,20.5,35.3,25,31.6,23.5,33.8,25.5,31.3,25.6,29.6,19.5,32.45714286,23.57142857,239,8,4,0
2021-08-29,173830,201,4032,24.29,35.1,25.8,25.8,19.2,33.8,24.4,29.6,22.3,33.2,27,32.4,26.1,30.4,21,31.47142857,23.68571429,241,8,6,1
2021-08-30,176472,278,4027,10.41,34.7,25.3,25,19.7,32.6,25.2,31.6,21.6,32.2,27.1,31.3,26,31.1,21.9,31.21428571,23.82857143,242,8,0,0
2021-08-31,176769,1175,3981,7.76,34.6,25.4,26.6,19.7,33.3,26,26,22.1,32.4,27.5,29.9,23.6,28.2,21.3,30.14285714,23.65714286,243,8,1,0
2021-09-01,177018,677,3949,9.24,28.9,24,29.3,20.9,35.1,27.5,26.6,22.2,33.2,26.7,26.6,24.6,25.6,21.7,29.32857143,23.94285714,244,9,2,0
2021-09-02,177703,589,3985,10.5,28.7,23.6,29.4,20.6,33.2,27,30.3,23.2,35,27.5,30.7,24.8,28.1,21.4,30.77142857,24.01428571,245,9,3,0
2021-09-03,176402,873,3948,6.87,32.3,24.4,26.7,19.5,30,25.2,32.8,22.1,34.3,27.3,31.5,25,29.3,20.7,30.98571429,23.45714286,246,9,4,0
2021-09-04,176812,330,3900,5.52,34.5,26.1,26.2,20.4,33.1,25.7,29.6,22,34.5,27.2,30.7,24,30.4,21.2,31.28571429,23.8,247,9,5,1
2021-09-06,176701,1494,3954,10.75,33.9,27.4,27.2,20.2,34.3,25.5,28,22.3,35.1,28,31.3,24.8,27.8,21.6,31.08571429,24.25714286,249,9,0,0
2021-09-07,174884,866,3886,9.75,36.2,27.8,27,20,32.6,,25.1,21.9,33.1,25.8,30.6,24,31.1,21.5,30.81428571,23.5,250,9,1,0
2021-09-08,177210,454,3914,5.23,33.6,26,26,20.5,34.5,27.1,26,21.4,31,25.2,29.7,23.8,27.2,22.2,29.71428571,23.74285714,251,9,2,0
2021-09-09,176463,931,3977,6.72,33.7,27.2,27.6,20,35.5,27.2,29.2,22.3,32.1,25.8,30.1,24.6,29.2,21.8,31.05714286,24.12857143,252,9,3,0
2021-09-10,167780,342,3866,8.92,34,25.1,29.1,20.2,35.8,27.5,30.4,22.2,34,26,31.2,25.6,25.7,20.9,31.45714286,23.92857143,253,9,4,0
2021-09-11,166651,475,3686,9.32,33.2,24,28.4,20.5,35.4,,30.7,22.4,34.7,27.5,30.7,25.2,28.4,21.5,31.64285714,23.51666667,254,9,5,1
2021-09-12,160701,200,3566,4.13,26.8,23.4,28.5,20.7,35.9,29,30.2,23.2,32.2,26.7,29.6,24.8,28.8,22.3,30.28571429,24.3,255,9,6,1
2021-09-13,167145,205,3712,5.08,33.4,26,28,20.9,34.2,27.7,30.4,24.2,32.5,26.1,29.5,24.8,28.7,22,30.95714286,24.52857143,256,9,0,0
2021-09-14,164905,344,3673,9.8,33.4,24,28.2,21,35.1,28,30.6,23.6,29.7,25.8,28.2,26,28,21.1,30.45714286,24.21428571,257,9,1,0
2021-09-15,168652,420,3732,12.86,35.4,25.2,28.2,20.5,36.6,28.5,32.7,23,27.7,24.6,30.7,24.8,28.8,20.5,31.44285714,23.87142857,258,9,2,0
2021-09-16,167244,418,3744,5.54,35.3,24.8,28.7,20.8,36.6,27.4,31.5,23,31.2,26.2,31.1,25.5,28.9,20.9,31.9,24.08571429,259,9,3,0
2021-09-17,167629,381,3757,4.89,28,23.6,29.9,21.1,35.3,28.8,31.7,23.1,33.5,26.8,31.6,25,30,20.7,31.42857143,24.15714286,260,9,4,0
2021-09-18,171393,3350,3859,14.27,32,24.6,30.9,21,35.4,26.2,31.6,24.4,33.3,26.4,32,25.6,29.9,19.5,32.15714286,23.95714286,261,9,5,1
2021-09-19,169420,666,3854,9.82,34.4,26,30.8,22.2,34.6,26.3,30.2,24.4,30,25.6,32.3,25.6,29.5,20.5,31.68571429,24.37142857,262,9,6,1
2021-09-22,171407,345,3795,8.61,35.6,26,29.7,20.6,35.9,24,31,22,29.2,26,28.8,23.7,28.1,22.2,31.18571429,23.5,265,9,2,0
2021-09-23,170030,492,3729,9.15,31.8,24.7,28,20.6,33.1,25.8,27.5,22.4,28.8,25.9,28.7,24.5,27.1,22,29.28571429,23.7,266,9,3,0
2021-09-24,168402,2968,3726,11.85,33.3,24.4,28.2,20.7,33.3,26.7,30,22.2,31.6,25.8,31.6,25.4,28.2,21.2,30.88571429,23.77142857,267,9,4,0
2021-09-25,171618,1022,3792,11.01,32.7,24.6,28.8,20.8,33.3,27.2,31.2,23.1,33.6,27.1,31.4,24.8,30.5,20.5,31.64285714,24.01428571,268,9,5,1
2021-09-26,162881,384,3649,9.85,33.2,25.5,29.2,20.1,35.3,26.2,32.2,21.4,31.5,26.5,31.3,24.8,30.2,20.8,31.84285714,23.61428571,269,9,6,1
2021-09-27,170461,358,3719,7.03,33.7,26,27,20.2,32.3,26.7,28.9,23.8,32.2,26.1,29.7,24,28.8,21.3,30.37142857,24.01428571,270,9,0,0
2021-09-28,171534,393,3755,5.67,34.3,26.3,27,20.4,33.8,27,25,21.4,32.6,26.2,29.3,24,29.1,22,30.15714286,23.9,271,9,1,0
2021-09-29,172481,1075,3792,6.27,35.7,26.7,26.6,19.4,35.3,27.2,26.6,21.4,29.5,24.1,30.9,24.5,27.5,21.3,30.3,23.51428571,272,9,2,0
2021-09-30,172175,1859,3853,12.16,35,26.4,28,20.4,34.2,27.2,30,22,28.4,25.4,30.7,24.7,29.3,21.4,30.8,23.92857143,273,9,3,0
2021-10-01,169599,4150,3820,21.66,35.2,26.5,28.8,21.7,33.6,27.2,32.5,23.8,32.5,26.2,32.5,24.4,29.8,20,32.12857143,24.25714286,274,10,4,0
2021-10-02,164960,1492,3649,13.38,35,26.2,30.8,21,33.9,26.1,32.8,24,34.3,26.6,31.5,25.5,32.5,22.2,32.97142857,24.51428571,275,10,5,1
2021-10-03,161628,1886,3636,5.75,35.7,26.3,30,21.4,33,27.2,32.2,24.5,34.3,27.5,32,25.2,31.8,21.1,32.71428571,24.74285714,276,10,6,1
2021-10-04,170353,4026,3825,36.19,36.2,25.7,29.7,20.2,33.6,26.9,32.6,23.4,34.3,26.6,33.3,26.3,30.6,20.9,32.9,24.28571429,277,10,0,0
2021-10-05,169870,9536,3830,75.78,36.4,26.4,30.6,21.4,33.6,25.2,32.8,23.3,33.9,27.6,34.5,26.2,34.2,21.4,33.71428571,24.5,278,10,1,0
2021-10-06,170972,7823,3851,80.32,35.4,25.6,28,20.1,28.9,25.4,32.2,24,34.7,26.6,34.5,25,32.6,21.5,32.32857143,24.02857143,279,10,2,0
2021-10-07,172113,11626,3887,114.46,34.9,23.8,25.4,20.6,32.1,25.6,31.7,23.4,34.3,27.1,35.1,24,32.7,21.3,32.31428571,23.68571429,280,10,3,0
2021-10-08,172419,8942,3900,113.74,34,23.4,30.6,21.8,32.9,27.4,31.6,23.6,34.1,27,35.8,25.6,32.1,22.5,33.01428571,24.47142857,281,10,4,0
2021-10-09,170039,8337,3828,86.7,35.7,23,27.1,20.8,33.1,26.9,32.9,21.8,34.7,27.5,33,25.4,32.9,21.6,32.77142857,23.85714286,282,10,5,1
2021-10-10,167074,2714,3772,35.13,36.5,22.7,24.2,21.1,35.9,25.6,32.5,20.9,33.8,26.7,33.5,24.4,31.1,19.7,32.5,23.01428571,283,10,6,1
2021-10-11,174600,6857,3890,86.87,36.6,22.5,27,21,35,25.6,31.8,21.2,34.1,26.7,32.8,24.6,31.2,20,32.64285714,23.08571429,284,10,0,0
2021-10-12,174309,5591,3918,82.03,36.8,22.7,27.5,20.4,34.1,26.5,32.4,20.2,35.1,26.7,32.7,24,32.2,20.9,32.97142857,23.05714286,285,10,1,0
2021-10-13,173808,5621,3905,58.25,36.7,20.6,27.8,19.7,35.1,25.9,32.2,21.6,34.3,27.4,33.5,24.8,32.2,21,33.11428571,23,286,10,2,0
2021-10-14,170335,3232,3838,29.97,33.9,19,28,20.4,35.4,25.6,31.8,21,33.9,26.1,33.7,25.6,32.7,19.9,32.77142857,22.51428571,287,10,3,0
2021-10-16,167577,3549,3712,51.17,34.9,20,28.3,21.5,35.1,27.4,32.1,24,36.3,24.1,36.4,22.6,33.3,18.4,33.77142857,22.57142857,289,10,5,1
2021-10-17,156240,1456,3562,20.36,35.5,23.2,28.9,20.6,32.7,26.4,30.9,23,33.3,24.6,34.8,23.8,33.4,20.2,32.78571429,23.11428571,290,10,6,1
2021-10-18,165686,2060,3536,13.82,30.4,20.1,25.5,20.8,33.4,27.5,31,22.2,31.5,24.6,33.8,25.8,31.6,19.1,31.02857143,22.87142857,291,10,0,0
2021-10-19,163916,4161,3581,33.96,23.9,19.9,27.6,20.5,34.1,26.9,31.7,23,27,24.1,32.7,24,30.6,19,29.65714286,22.48571429,292,10,1,0
2021-10-20,168063,4454,3640,45.25,31.2,20.3,28.2,22,35.6,28.3,31.9,21,28.4,24.8,32.1,23.4,30.7,18.7,31.15714286,22.64285714,293,10,2,0
2021-10-21,169274,4553,3640,55.2,32.1,16,29.3,20.9,34.7,26.9,32.3,19.6,29.4,24.5,33.8,22.4,32.6,17,32.02857143,21.04285714,294,10,3,0
2021-10-22,170722,3308,3688,53.07,32.4,17.7,30.7,21.8,34.3,26.4,32.5,19.4,32.1,24.8,34.3,22.6,32.2,17,32.64285714,21.38571429,295,10,4,0
2021-10-23,169379,655,3623,11.13,33.4,18.4,31.6,20.4,33.6,27,32,19,33.3,23.5,36.1,24,32.2,15.6,33.17142857,21.12857143,296,10,5,1
2021-10-24,157455,505,3426,7.99,32.8,19,30.1,19.2,34.1,26.5,33.2,19.2,32.9,24.2,34.4,22.9,32.7,16.2,32.88571429,21.02857143,297,10,6,1
2021-10-25,168398,1204,3529,10.14,31.5,16.4,29.4,20.9,33.2,24.3,32.4,18.6,31.6,23.6,32.8,22.8,31.6,16.7,31.78571429,20.47142857,298,10,0,0
2021-10-26,170227,375,3605,7.21,28.4,16.2,28.1,21,32.2,26.1,31.2,17.8,32.5,23.7,32.8,23.4,31.6,16.8,30.97142857,20.71428571,299,10,1,0
2021-10-27,169915,609,3599,4.01,28,14.6,28.4,20.1,32.6,26.2,31,17.5,32.4,24.4,34.4,22.4,31.8,15.6,31.22857143,20.11428571,300,10,2,0
2021-10-28,168866,329,3581,6.81,28.2,14.6,27.1,18.5,32.6,26.7,30.5,18.8,31.3,25.4,34.9,23.4,31.3,15.2,30.84285714,20.37142857,301,10,3,0
2021-10-29,166829,437,3555,5.79,28.5,14,28.2,20.2,29.1,24.6,30.3,20.6,30,23.7,34.8,24.2,30.9,14.9,30.25714286,20.31428571,302,10,4,0
2021-10-30,167614,281,3493,7.85,30.4,14.8,27,20.8,30.3,24.2,29.8,22.1,32.2,22.3,34.6,23.6,30.9,14.4,30.74285714,20.31428571,303,10,5,1
2021-10-31,158085,294,3381,5.52,30.2,16.5,28,20.3,30.9,25.9,30.6,23,32.3,21.6,35.3,24,31.3,16,31.22857143,21.04285714,304,10,6,1
2021-11-01,163223,629,3425,5.1,29.7,13.6,27.8,20.8,31.6,25.2,31,19.1,31.8,20.6,34.9,23.4,32.6,17.4,31.34285714,20.01428571,305,11,0,0
2021-11-02,163222,890,3458,5.98,31.2,14.5,27.6,20.6,29.7,24.9,28,21,31.3,20,35.6,23.6,32.6,18.2,30.85714286,20.4,306,11,1,0
2021-11-03,158603,237,3393,4.05,29.6,15.9,26.8,20.2,28.2,24.5,29.6,21.9,31,21.5,36,24.5,31.2,17.4,30.34285714,20.84285714,307,11,2,0
2021-11-04,144798,200,3071,3.6,29.9,15,26.2,20.2,28.5,24.6,29.6,22.2,31.2,20.8,35.9,25.2,31.1,19.2,30.34285714,21.02857143,308,11,3,0
2021-11-05,139405,0,2947,4.86,27.8,15,28.4,19.2,27,24.3,29.8,21.9,30.8,19.7,35,25,31.7,19.1,30.07142857,20.6,309,11,4,0
2021-11-06,146302,482,3070,6.39,26.3,14.7,25,20,30.7,24.5,30.5,21.5,30.1,19.1,37,25.4,31.4,20.8,30.14285714,20.85714286,310,11,5,1
2021-11-07,146281,386,3092,6.87,28.1,14.2,27.4,19.4,29.1,24.2,30.6,17.6,29.8,18.7,33.9,25,31.7,20.6,30.08571429,19.95714286,311,11,6,1
2021-11-08,155121,1051,3261,13.87,29.1,13.6,24.5,19.5,26.2,24.6,29,15.6,30.1,18.3,32.8,23.4,29.7,15.8,28.77142857,18.68571429,312,11,0,0
2021-11-09,160846,419,3371,9.81,29.2,13.5,23,18.2,26.1,20.8,30.2,15.1,30.6,18.9,35.3,20.2,30.5,12.7,29.27142857,17.05714286,313,11,1,0
2021-11-10,161805,200,3402,4.94,28.6,13.4,26.6,19.2,26.1,23,28.6,16.7,30.4,19.7,35.3,21.4,30.6,11.8,29.45714286,17.88571429,314,11,2,0
2021-11-11,161385,321,3359,5.37,29.6,12.6,24,18,24.2,21.7,31.4,20,31,21.2,34.6,19.8,30.6,10.9,29.34285714,17.74285714,315,11,3,0
2021-11-12,163358,265,3407,5.33,25.4,12.6,19.8,16.8,26.3,22.2,30.4,21,31.4,22.2,34.5,21,31.1,11.9,28.41428571,18.24285714,316,11,4,0
2021-11-13,164875,260,3409,5.22,27.4,11.1,21.8,19.2,30.4,24.5,28.7,22.6,30.8,23.3,35.3,21.6,31,16,29.34285714,19.75714286,317,11,5,1
2021-11-14,156185,200,3324,6.14,27.4,10.1,24.3,20.8,30.5,,30.4,22.6,27.3,22.3,35.5,24.4,31.8,20.2,29.6,20.06666667,318,11,6,1
2021-11-15,165145,640,3433,11.43,28.1,10.3,25.6,20.7,32,25.4,30.5,23,25.8,20.4,36.6,24.4,32.2,20.9,30.11428571,20.72857143,319,11,0,0
2021-11-16,166194,304,3467,6.22,26.4,10,26.9,18.3,29.3,24.9,30.4,22.9,23.9,21.2,35.2,25.4,32.6,20.6,29.24285714,20.47142857,320,11,1,0
2021-11-17,164598,575,3458,8.58,27,9.6,27.6,19.8,31.5,25.3,28.6,22.5,29,18.7,35.7,26.5,31.6,22.6,30.14285714,20.71428571,321,11,2,0
2021-11-18,162286,389,3411,7.86,27.4,10.5,27.2,20,29.7,24.6,29.1,22.8,29.5,18.2,34.5,25.2,28.8,21.4,29.45714286,20.38571429,322,11,3,0
2021-11-19,160550,443,3328,7.27,26.8,10.9,21.6,19.8,27.1,25.5,27.9,21.8,30.5,19.1,34.2,23.6,31,21.5,28.44285714,20.31428571,323,11,4,0
2021-11-20,160534,509,3341,6.78,25.9,12.6,22.6,20.1,27.4,25.1,27.7,21.5,30.7,19.9,34.8,25,30.4,21.3,28.5,20.78571429,324,11,5,1
2021-11-21,151004,260,3208,5.45,26.6,9.8,23.4,19.3,,,27,21.9,31.2,21.5,35.7,27,30.3,22,29.03333333,20.25,325,11,6,1
2021-11-22,163674,842,3355,7.48,27.3,11.4,26.5,20.5,31.7,24.4,27.2,21,30.5,21.2,35.4,24,28.8,21.6,29.62857143,20.58571429,326,11,0,0
2021-11-23,165680,896,3434,7.71,27.5,10.3,27.8,20.1,31.1,25.2,30.8,21.5,32.4,23.1,31.5,25.2,31.2,20.4,30.32857143,20.82857143,327,11,1,0
2021-11-24,164447,1228,3465,8.54,26.7,9.2,29.8,20.1,32.2,25.3,32.2,21.4,31.2,20.8,33.2,26.2,33.7,21.2,31.28571429,20.6,328,11,2,0
2021-11-25,164226,1768,3473,11.92,28.8,9.7,27,19.4,31.8,26,31.6,20.6,30.5,19.7,34.3,25,33.1,18.7,31.01428571,19.87142857,329,11,3,0
2021-11-26,163346,2383,3486,15.95,27.8,11,27,19.1,30.9,25.2,32.2,17.2,30,19.8,35.2,23.6,32.7,16.8,30.82857143,18.95714286,330,11,4,0
2021-11-27,163333,1907,3458,12.36,27.6,10.2,24.9,19.5,28.1,23.6,31,16.9,29.4,18.2,34.7,22.8,32.2,16.1,29.7,18.18571429,331,11,5,1
2021-11-28,153878,513,3310,8.28,27,10.8,23.4,19.8,28.8,23.8,29.6,18.3,28.2,17.7,34.8,22.5,30.8,13.8,28.94285714,18.1,332,11,6,1
2021-11-29,162636,845,3391,7.39,26.8,10.3,22.6,19.5,29.1,23.2,29.3,20.9,28.5,17.2,33.6,20,29.5,12.4,28.48571429,17.64285714,333,11,0,0
2021-11-30,163223,519,3418,7.81,26.1,9.8,22.5,19.4,,,27.2,18.8,28.8,18.3,34,23.8,28.1,16.2,27.78333333,17.71666667,334,11,1,0
2021-12-01,158785,1640,3354,15.56,25.6,11.5,26.4,20,31,25.5,29.4,19.7,28.8,17.7,33.3,23.8,26.6,17.3,28.72857143,19.35714286,335,12,2,0
2021-12-02,158695,854,3281,13.76,23,13.4,25.4,19.5,30.5,24.9,30,19.6,29.3,18,24.8,18.5,19.4,15.5,26.05714286,18.48571429,336,12,3,0
2021-12-03,159878,1778,3338,19.98,19.8,12.5,25.6,20,31.1,24.2,29.9,19.5,29.7,18.1,26.4,20.8,20.6,16.4,26.15714286,18.78571429,337,12,4,0
2021-12-04,159268,1109,3356,24.26,21.9,11,28.2,21,31.7,,30,18,29.5,20.8,30.2,22.4,26.4,19.7,28.27142857,18.81666667,338,12,5,1
2021-12-05,154804,161,3290,8.5,26.8,11.4,28.4,19.8,32.4,24.1,31.8,17.5,23,20,32.5,22,24.5,15.6,28.48571429,18.62857143,339,12,6,1
2021-12-06,164768,269,3423,7.34,25.6,13,29.2,19.3,32.4,25,32.6,17,21.6,20.6,32.3,20.9,28.8,14.6,28.92857143,18.62857143,340,12,0,0
2021-12-07,166014,872,3505,7.79,24.8,11.4,28.2,20.5,30.4,24.5,32.6,17.9,22.4,21,31.2,22.4,28.8,15.6,28.34285714,19.04285714,341,12,1,0
2021-12-08,166689,1961,3547,13.98,25.1,10.1,28.4,18.6,30.9,25.2,31.2,17.9,24,19.1,33,23.4,28.5,14.3,28.72857143,18.37142857,342,12,2,0
2021-12-09,168030,1379,3570,11.72,24,8.4,28.2,20.2,31.9,25.9,30.2,20.7,27.4,19.9,33.4,22.2,28.7,16.2,29.11428571,19.07142857,343,12,3,0
2021-12-10,169123,922,3574,10.74,23.5,9,26.6,18.6,32.1,25,30.4,20.7,26.1,18.9,33.2,22.2,28.8,15.1,28.67142857,18.5,344,12,4,0
2021-12-11,168304,684,3555,10.82,23.7,8.3,28.4,19.8,31.5,25,27,20.6,26.9,18.6,34.5,22.6,29.1,14.7,28.72857143,18.51428571,345,12,5,1
2021-12-12,168304,684,3555,10.82,23.7,6.4,26.3,18.6,31.1,24.5,29.7,19.5,28.1,18.2,34.2,21.4,29.4,14.1,28.92857143,17.52857143,346,12,6,1
2021-12-13,168533,976,3532,10.93,23.9,6.6,26,19.2,30.7,24.3,29.8,19,25.3,15.1,35,21.6,28.6,14.4,28.47142857,17.17142857,347,12,0,0
2021-12-14,171075,1091,3591,10.95,22.4,7.5,24.4,18.3,30.8,26,28.2,19.9,25.8,14.2,32.1,19.5,28.8,15.5,27.5,17.27142857,348,12,1,0
2021-12-15,170945,863,3602,15.98,22.7,7.8,24.4,19.1,30.7,26.4,27.3,16.2,26.1,14.2,30.9,19.5,29,15.1,27.3,16.9,349,12,2,0
2021-12-16,172941,677,3630,11.87,22.5,8.7,24.4,17.2,30.1,23.5,28.2,13.5,25.1,14.4,29.7,19,27.8,16.5,26.82857143,16.11428571,350,12,3,0
2021-12-17,175146,250,3648,9.76,19.8,9.6,27.4,16.8,29.9,22.8,29,13,24.8,13.9,29.7,19.6,29.1,16.1,27.1,15.97142857,351,12,4,0
2021-12-18,174258,556,3629,8.41,20.4,6,28.6,16.5,29.5,22.4,28.6,12.5,25.8,13.5,29.9,19.6,29.5,12.6,27.47142857,14.72857143,352,12,5,1
2021-12-19,169689,481,3481,7.25,17.8,4.6,27,15.6,29.2,21,28.5,13.2,26,15.1,31.5,19.8,28.8,11.5,26.97142857,14.4,353,12,6,1
2021-12-20,178046,855,3634,25.76,19.2,3.2,26.8,14.8,29.9,21.7,27.8,13.5,22.8,11.2,32.6,19.2,27.8,11.2,26.7,13.54285714,354,12,0,0
2021-12-21,180794,1670,3714,15.26,21,4,27.2,16,29.2,21.4,27.8,10.8,22.4,11.6,32,18.6,27.8,11.3,26.77142857,13.38571429,355,12,1,0
2021-12-22,181349,1224,3736,13.33,22.4,4.4,27,14.2,30.2,20.9,29.5,11.2,22.5,13.2,32.5,18.6,28.8,11.9,27.55714286,13.48571429,356,12,2,0
2021-12-23,181379,1596,3762,14.27,23.8,5.5,28.2,16,29.5,19.2,30.2,12.2,24.1,13.1,30.2,17.9,30.4,12.8,28.05714286,13.81428571,357,12,3,0
2021-12-24,183394,1738,3788,18.05,23.1,6.9,28.2,14.3,29.3,20.1,31.2,13.4,23.7,13.6,29.4,18.4,31.3,12.4,28.02857143,14.15714286,358,12,4,0
2021-12-25,181663,863,3721,11.4,22.9,7,30,14.7,30.3,20.7,31.6,15.3,25.7,14.4,28,18.2,31.1,12.8,28.51428571,14.72857143,359,12,5,1
2021-12-26,175606,540,3579,10.11,23.6,8.4,30.2,15.1,29.9,20.9,31.5,17.4,25.8,15.6,29,18,32.1,12.9,28.87142857,15.47142857,360,12,6,1
2021-12-27,181390,702,3665,9.43,21.4,10.4,30.2,16.6,30.3,21.7,30.6,18.4,26.4,16.5,29.7,18.2,31.7,13.2,28.61428571,16.42857143,361,12,0,0
2021-12-28,176781,407,3592,9.55,22.6,9.4,28.4,16.3,30.4,24,29.6,17.9,26.6,16.8,31,19,29.8,14.8,28.34285714,16.88571429,362,12,1,0
2021-12-29,174626,802,3553,7.65,18,8.4,27.4,15.6,28.7,22.9,29.2,17.6,26.1,17.4,29.3,17.4,30.7,12.4,27.05714286,15.95714286,363,12,2,0
2021-12-30,177597,656,3623,7.86,21.2,3.4,27.6,15.7,30,23.7,28.9,18.4,25.7,16.6,30.3,19,28.6,12.9,27.47142857,15.67142857,364,12,3,0
2021-12-31,177625,1067,3627,13.56,19.5,3.8,26.5,18.9,30,20.1,27.6,18.5,22.6,15.8,31.4,21.6,24.8,15.5,26.05714286,16.31428571,365,12,4,0
2022-01-01,178873,558,3589,12.45,19.4,4.2,24.6,18.5,29.4,23.3,27.9,17.7,,,,,,,25.325,15.925,1,1,5,1
2022-01-02,181459,698,3655,7.95,20.2,5,25.6,17.5,28.5,24.1,27.2,17,24.1,13.5,32.5,20.4,28.8,15.7,26.7,16.17142857,2,1,6,1
2022-01-03,179592,2139,3665,22.63,20.4,5.4,27.2,16.3,29.7,23.1,28,15.3,22.2,13.5,33.5,21.4,29.2,14.5,27.17142857,15.64285714,3,1,0,0
2022-01-05,177114,415,3656,9.91,23.2,10.8,27.2,16,29.1,21.7,28.7,16.6,22.9,12.6,33.3,21.4,29.4,13.5,27.68571429,16.08571429,5,1,2,0
2022-01-06,173845,1409,3581,16.09,15.7,11.7,28,16.8,28.5,21.7,28.6,16.8,24.4,13,31.5,21,30.7,13.8,26.77142857,16.4,6,1,3,0
2022-01-07,175127,451,3592,13.93,21.1,13.5,28.4,18.1,30.1,22.7,28,17.7,25.6,14.1,29.5,20.4,29.7,14.6,27.48571429,17.3,7,1,4,0
2022-01-08,165501,389,3454,8.16,20.3,15.2,28.2,18.4,30,23.2,27.9,19.2,26.5,15.3,30.1,21.8,30.5,13.5,27.64285714,18.08571429,8,1,5,1
2022-01-09,163602,536,3359,8.26,16.4,13.8,28.4,18.3,30,21.1,28.8,18.9,27.9,15.8,27.6,18.2,30.3,16,27.05714286,17.44285714,9,1,6,1
2022-01-10,174724,450,3513,7.43,15,9.6,28.2,17.4,30.6,22.3,28.6,19.6,28.2,16.7,26.7,13.2,27.7,12,26.42857143,15.82857143,10,1,0,0
2022-01-11,176759,627,3565,7.27,18.1,6.5,29,16.8,30.8,23.8,29.6,20.4,27.6,18.6,25.1,14.8,29.3,11.5,27.07142857,16.05714286,11,1,1,0
2022-01-12,177687,660,3564,10.4,18.3,8.2,30.6,19,31.2,23.4,30,20.2,27.6,17.5,27.3,14.4,27.1,11.4,27.44285714,16.3,12,1,2,0
2022-01-13,177918,1104,3574,8.31,18.1,5.8,29.4,19.2,31,24,30.6,20,21.4,17.7,27.1,15.8,26.2,12.1,26.25714286,16.37142857,13,1,3,0
2022-01-14,174456,100,3474,8.68,16.7,6,29,16.5,32.1,23.7,27.7,19.9,25.4,18.2,28.5,18.2,25.4,13.8,26.4,16.61428571,14,1,4,0
2022-01-15,171808,602,3443,8,15.4,6.1,29.2,17.4,31.8,24.6,30.2,19.7,20.9,16.7,27.9,18.6,27.1,13.3,26.07142857,16.62857143,15,1,5,1
2022-01-16,165808,577,3407,8.22,14.8,8.1,30.2,19,31,24.7,29.9,18.9,23.3,15.1,31,19,26.7,12.1,26.7,16.7,16,1,6,1
2022-01-17,179257,2079,3624,14.16,17.2,8.7,29.2,18,31.1,22.3,25.2,18.3,22.8,12.4,32.5,21.8,26.5,14.4,26.35714286,16.55714286,17,1,0,0
2022-01-18,181112,3124,3713,18.97,16.1,8.5,28.4,16.4,24,21.4,27.4,16.4,22.5,12.9,33.6,19.8,27.2,13,25.6,15.48571429,18,1,1,0
2022-01-19,183914,2176,3755,27.47,15.4,7.4,27.9,16.6,29,21.9,29.8,15.2,23.1,13.3,31.9,17.9,30.7,12.2,26.82857143,14.92857143,19,1,2,0
2022-01-20,188388,930,3789,10.72,18.1,9.8,28.6,15,29.1,20.6,30.6,15.3,23.1,12.7,31.3,17.2,31.5,11.7,27.47142857,14.61428571,20,1,3,0
2022-01-21,190900,286,3812,9.81,19.1,7.6,30.5,16.6,30.2,21,32.2,16.3,23.5,13.8,30.6,18.4,31.8,11.1,28.27142857,14.97142857,21,1,4,0
2022-01-22,181585,446,3686,7.95,19.6,11.5,31.8,17.5,31,22.7,32.4,15.8,24.8,17.4,28.5,19.8,31.8,12.9,28.55714286,16.8,22,1,5,1
2022-01-23,170986,345,3537,7.71,14.7,10.5,31.2,17,31.1,24.1,33.5,18.5,24.9,16.8,29.7,21,28,17.2,27.58571429,17.87142857,23,1,6,1
2022-01-24,187245,584,3734,10.84,14.9,8,31,16.5,32.2,24.2,30.8,16.7,22.6,16.3,23.8,15,24.3,10.4,25.65714286,15.3,24,1,0,0
2022-01-25,188856,992,3794,11.74,14.8,6.2,30.2,16.2,29.7,22.8,28.7,17,21.9,15.6,24.8,13.4,25.4,8.5,25.07142857,14.24285714,25,1,1,0
2022-01-26,181462,544,3619,8.36,12.1,5.8,29,17.8,31.2,23.3,28.8,16.8,25.6,16.7,27.8,14.6,26.3,9.4,25.82857143,14.91428571,26,1,2,0
2022-01-27,187645,551,3739,9.21,16.4,6.3,29.8,19.6,30.9,23.2,29.7,17.5,25.1,17.6,30.1,17.2,26.5,9.8,26.92857143,15.88571429,27,1,3,0
2022-01-28,191790,1057,3834,11.52,19.1,6.4,27.2,18.3,30.9,25.4,28,13.4,24.2,13.7,32,19,27.2,9.3,26.94285714,15.07142857,28,1,4,0
2022-01-29,190453,595,3817,8.19,20.6,5.4,26.7,17.6,30.2,24.6,28.9,11.4,21.5,12.1,32.6,17.8,27.6,8.6,26.87142857,13.92857143,29,1,5,1
2022-01-30,184867,430,3723,7.31,22.4,7.2,28.3,18.3,29.8,24.6,30.2,12,22.2,11.7,32.6,16.4,29.1,8.9,27.8,14.15714286,30,1,6,1
2022-01-31,192078,1393,3855,13.15,22.2,6.4,31.6,19.2,29.7,22.6,31.8,13.4,24.1,12.6,32.6,17,31.7,10.3,29.1,14.5,31,1,0,0
2022-02-01,192024,1672,3877,12.75,22.2,7,30.6,19.5,30.2,22.2,33,14.4,26.2,16,32.1,14.8,32.8,9.9,29.58571429,14.82857143,32,2,1,0
2022-02-02,192470,1311,3904,13.64,20.8,8.4,31.5,17.8,30.8,20.9,33.4,15.7,27.2,17.4,30.6,16.2,32.9,10.6,29.6,15.28571429,33,2,2,0
2022-02-03,187307,2586,3837,31.08,23.4,6.6,31.3,18.9,30.5,20.4,33.4,19.2,28.5,19,29.5,17.4,33.6,10.1,30.02857143,15.94285714,34,2,3,0
2022-02-04,189026,2595,3827,28.55,14.4,10.4,29.6,18.2,30.4,22.5,32.8,19.4,28.3,19.8,31.1,18,31.1,13.1,28.24285714,17.34285714,35,2,4,0
2022-02-05,190889,817,3860,11.63,18.1,6.9,31.5,17.5,31.7,23.6,29.6,13,24.6,16.6,28.5,15.5,29.1,10.3,27.58571429,14.77142857,36,2,5,1
2022-02-06,185815,492,3748,6.74,19.5,5.4,32.5,19.6,31.6,24.3,30.4,14.4,23.6,13.2,29.1,16.6,30.8,11,28.21428571,14.92857143,37,2,6,1
2022-02-07,191999,492,3875,6.47,24.2,6,29.8,18.9,31.2,21.9,30.3,18.4,23.3,13.6,32.5,19.4,32.2,12.9,29.07142857,15.87142857,38,2,0,0
2022-02-08,191787,518,3936,8.78,26.1,11.5,30,17.6,31.1,21.8,31.7,19,24.8,14.9,27.5,17.8,32.6,14.8,29.11428571,16.77142857,39,2,1,0
2022-02-09,187948,459,3900,15.6,26,12.8,29.5,16.8,31.1,23.4,32.2,19.5,26.4,16.5,27.3,18,32.1,12,29.22857143,17,40,2,2,0
2022-02-10,189309,522,3890,5.38,21.8,9.1,30.1,16.1,30.3,21.7,30,19,26.6,18.2,27.7,16.5,30.4,12.4,28.12857143,16.14285714,41,2,3,0
2022-02-11,189936,148,3893,6.03,22.6,8.2,31,15.1,31,23.2,30.8,19,23.5,17.7,32.2,19.4,29.8,12.1,28.7,16.38571429,42,2,4,0
2022-02-12,185291,1333,3866,17.64,22.5,8,30.5,17.2,31.1,24,29.6,17.6,24.7,14.2,34.8,18.8,29.6,12.2,28.97142857,16,43,2,5,1
2022-02-13,183370,540,3765,7.26,23.4,7,30.3,17.6,30.8,22.9,30.6,14.1,25.1,13.8,34.8,19,31.1,13.3,29.44285714,15.38571429,44,2,6,1
2022-02-14,190159,504,3875,9.12,26.6,8.9,30.1,17,31.1,24.1,30.5,16.8,25.6,14.1,32.4,18.1,31.5,13.3,29.68571429,16.04285714,45,2,0,0
2022-02-15,188778,609,3922,18.51,27,9.4,30,18.3,30.4,23.8,31.2,18.8,26.5,14.1,31.6,19.8,31.6,11.5,29.75714286,16.52857143,46,2,1,0
2022-02-16,191222,783,3964,13.45,27,9.4,29.2,16.8,30.3,22.6,31.6,19.2,26.8,14.5,28.6,18.8,32.1,12.3,29.37142857,16.22857143,47,2,2,0
2022-02-17,190009,614,3945,11.26,25.7,10.2,29.6,18,30.2,22.4,30.7,19.5,27.1,16.5,28.5,18.5,30.3,13.7,28.87142857,16.97142857,48,2,3,0
2022-02-18,192533,595,3975,14.57,27,9.7,31,16.6,30,24.4,32.4,19.9,27.7,16.2,29,18.4,31.5,12.8,29.8,16.85714286,49,2,4,0
2022-02-19,189696,711,3948,7.54,28.4,10.8,30.6,16,31.2,23.8,30.8,19.5,27.8,15.7,30.7,18.6,33.5,14.6,30.42857143,17,50,2,5,1
2022-02-20,185809,250,3802,6.57,25.6,11.4,31.1,16.8,31.1,22.8,32.9,19.1,28.8,17.6,32.2,18,33.1,13,30.68571429,16.95714286,51,2,6,1
2022-02-21,191680,535,3936,6.28,24.4,10.1,33.1,17.6,32.1,23.5,34.4,18.8,26.4,18,31.9,17.1,33.6,11.6,30.84285714,16.67142857,52,2,0,0
2022-02-22,192057,457,4003,7.93,26.4,10.2,33.4,20,33.5,24.1,34.2,17.1,29.5,17.9,31.8,17.2,34.3,12.5,31.87142857,17,53,2,1,0
2022-02-23,189314,460,3997,12.24,27.1,12.6,32,18.5,32.7,24.4,35,20,28.6,18.8,32.7,19,35.4,14.7,31.92857143,18.28571429,54,2,2,0
2022-02-24,191583,820,4041,15.18,24.8,12.7,31.5,17,31.6,23.3,31.9,18.8,28.8,20.7,32.3,19.8,35.7,15.9,30.94285714,18.31428571,55,2,3,0
2022-02-25,193648,379,4042,9.35,26.4,12.5,31.2,17,31.7,22.4,33.5,18.6,29.6,19.5,32.4,19.2,34.9,15.3,31.38571429,17.78571429,56,2,4,0
2022-02-26,188242,553,3961,5.01,27.9,13.4,33,16,31.4,23.2,33.8,19.9,24.8,18.5,32.7,18.8,34.6,14.5,31.17142857,17.75714286,57,2,5,1
2022-02-27,183758,368,3869,5.18,23.8,12.1,31.7,17.4,31.4,24,32.2,19.2,30.9,19.9,32.6,19.2,34.7,15.8,31.04285714,18.22857143,58,2,6,1
2022-02-28,191297,444,4003,6.3,25.2,11.5,31.4,16.1,31.8,23.1,33,19.6,31.5,20.4,33.1,19,34.9,14.1,31.55714286,17.68571429,59,2,0,0
2022-03-01,192199,463,4008,6.58,25.3,9.6,32.1,18.4,31.8,23.6,34,18.9,31.3,20.5,33.8,19.9,34.2,13.6,31.78571429,17.78571429,60,3,1,0
2022-03-02,189209,605,4014,5.87,26,11.2,32.8,17.2,32.8,22.2,34.2,18,31.2,20.4,33,20.6,34.9,14.9,32.12857143,17.78571429,61,3,2,0
2022-03-03,190103,805,4051,6.44,27.4,13.7,31.8,15.7,32,24,33.6,18.8,31.6,20.2,34.3,22.2,34.8,16.2,32.21428571,18.68571429,62,3,3,0
2022-03-04,192230,758,4080,8.1,29.4,15.3,31.5,17.6,32.2,23.8,34,20.6,31.5,21.1,37.1,21,35.5,15.8,33.02857143,19.31428571,63,3,4,0
2022-03-05,190152,670,4072,8.28,25.5,13.5,32.5,18.6,31.8,24.8,33.4,21,32.4,21.7,36.7,21,35,15.6,32.47142857,19.45714286,64,3,5,1
2022-03-06,185232,794,3955,10.53,27.2,13.8,32.1,18.6,31.9,26.2,33.8,21.5,32.8,21.5,36.3,22,35.2,16.1,32.75714286,19.95714286,65,3,6,1
2022-03-07,192104,1261,4056,13.37,28.2,14.3,30.7,18.7,30.3,27.2,32.7,21,33.1,20.2,37.2,22.6,34.1,16.9,32.32857143,20.12857143,66,3,0,0
2022-03-08,192189,937,4105,9.16,30.6,13.6,27.2,18,32.1,23.8,33.2,20.8,31.6,20.6,33.7,24.2,34.6,18.3,31.85714286,19.9,67,3,1,0
2022-03-09,192026,921,4118,8.24,30.8,14.2,32.3,18.5,32.5,23.7,34.6,20.2,32.3,20,36.2,25,34.3,18.3,33.28571429,19.98571429,68,3,2,0
2022-03-11,194603,1132,4174,13.31,30,15.3,33.4,19.1,32.6,23.4,34,23.6,33.8,20.9,37.2,23.4,33.1,17.5,33.44285714,20.45714286,70,3,4,0
2022-03-12,189959,568,4151,13.77,29.6,15.6,33.5,18.3,32.8,23.4,34.9,22.3,32.7,20.8,36.2,23.2,34.1,16.4,33.4,20,71,3,5,1
2022-03-13,185057,653,4053,8.38,31.2,16.2,33.6,18.6,33.2,23.7,34.6,21.3,33.2,21.2,38.9,22.5,34.6,16.2,34.18571429,19.95714286,72,3,6,1
2022-03-14,194461,867,4220,9.99,32.6,17,33.3,19.3,32.9,23.4,35.2,19.4,33.4,21.2,38.6,22.4,35.4,14.8,34.48571429,19.64285714,73,3,0,0
2022-03-15,197012,2214,4299,16.54,33,18.9,33.8,20.1,33.5,24,36.7,18,33.7,21.7,39.6,23,35.8,14.5,35.15714286,20.02857143,74,3,1,0
2022-03-16,198284,2227,4353,25.34,34.7,20.5,34.6,21,34.6,24.3,37.4,20.1,36.3,24.7,37.5,23.5,37.5,15.9,36.08571429,21.42857143,75,3,2,0
2022-03-17,199267,1009,4358,24.19,35,19.9,34.5,20.4,35.9,24.7,38.6,20.9,36.4,24.6,37.5,24.2,38.1,16.8,36.57142857,21.64285714,76,3,3,0
2022-03-18,179911,384,4046,7.7,36.1,21.7,34.8,21.8,34.9,24.8,39.6,22.8,35.8,23.9,36.9,25,39.1,16.9,36.74285714,22.41428571,77,3,4,0
2022-03-19,189354,516,4100,6.14,35.7,19.8,34.8,21.7,34.8,26.2,39.2,22.6,35.5,23.7,36.9,23.5,39,18.7,36.55714286,22.31428571,78,3,5,1
2022-03-20,186640,274,4152,10.16,36.6,21.2,34.1,22.5,34,27.4,36.6,25.2,35.5,24.1,33.2,23.6,39.1,21.7,35.58571429,23.67142857,79,3,6,1
2022-03-21,196968,2133,4320,24.37,38.3,20.5,33.2,21.3,33.6,27.2,36.4,24.4,35.1,25.1,31.7,23,37.8,21.1,35.15714286,23.22857143,80,3,0,0
2022-03-22,194496,1871,4338,35.31,36.6,22.5,33.5,21.8,35.4,27.6,38.3,24.8,35.9,25.4,32.2,24.2,37.2,19.8,35.58571429,23.72857143,81,3,1,0
2022-03-23,196302,1562,4344,40.16,34.6,18.6,32,21.4,37.6,28.5,36.6,24.4,35.6,26,33.7,22,37.6,18.3,35.38571429,22.74285714,82,3,2,0
2022-03-24,194512,2531,4329,47.12,35.7,21.2,33.6,23.4,34.1,28.3,37.8,25,34.9,25.5,38.2,25.4,37.6,22.3,35.98571429,24.44285714,83,3,3,0
2022-03-25,194046,4060,4311,68.86,35.5,19.6,32.6,22.4,34.2,27.4,37.6,24,35.4,26,35.3,23.5,37.8,23.4,35.48571429,23.75714286,84,3,4,0
2022-03-26,192853,2023,4270,37.09,35.3,20.1,31.7,22.7,34.2,27.2,37.8,23.6,33.8,27,33.1,25,37.4,22.2,34.75714286,23.97142857,85,3,5,1
2022-03-27,185065,662,4192,9.93,34.5,20.4,33.1,23,34,27.6,38.8,25,33.3,24.9,33,24,37.7,20.5,34.91428571,23.62857143,86,3,6,1
2022-03-28,196135,1413,4330,13.69,36.8,22.2,34.5,23,35,27.3,38.2,24.6,34.9,25.9,33.7,24.1,38.6,19.8,35.95714286,23.84285714,87,3,0,0
2022-03-29,198182,1998,4430,38.48,39.1,18.8,34.7,23.3,34.4,27.9,39,24.2,36.7,26.7,33.4,23,39.7,19.6,36.71428571,23.35714286,88,3,1,0
2022-03-30,198970,3057,4437,37.12,39.2,19.4,35.3,23.2,35.1,28.2,39.7,23.8,35.4,26.8,36,22.9,39.5,17.6,37.17142857,23.12857143,89,3,2,0
2022-03-31,199298,3451,4463,42.82,39.6,20.1,34.3,22.7,36.4,28.3,40.4,24.6,33.9,26.8,34.1,22.6,39.5,15.9,36.88571429,23,90,3,3,0
2022-04-01,198477,810,4440,9.85,39.5,21.4,34.6,23.4,34.8,28.4,40.8,25,33.6,26.9,32.6,20.2,38.7,14.5,36.37142857,22.82857143,91,4,4,0
2022-04-02,194052,1666,4376,13.7,36.5,17.4,34,22,34.5,28.2,38.7,24.5,33.1,27.8,33.2,23.6,39.2,15.6,35.6,22.72857143,92,4,5,1
2022-04-03,182636,1680,4238,17.19,39.4,19.3,34,22.4,34.3,27,38.2,24.7,32.8,26.8,31.8,23.1,39.7,19.4,35.74285714,23.24285714,93,4,6,1
2022-04-04,194622,1702,4397,20.05,39.4,19,34.5,22,34.6,27.6,38.6,25.6,34,27.2,33.2,24.6,39.8,19.9,36.3,23.7,94,4,0,0
2022-04-05,193724,4726,4436,42.96,38.1,19,34.6,21.7,34,26.9,38.4,25.6,32.3,26.7,33.3,26.8,38.9,21.3,35.65714286,24,95,4,1,0
2022-04-06,195874,4203,4428,75.2,38.7,18.7,34,21.9,34.2,26.4,37.7,25.1,32.6,26.5,33.8,27,39.3,21.4,35.75714286,23.85714286,96,4,2,0
2022-04-07,197670,6124,4471,80.08,39.3,19.4,35.8,22.6,34.5,27.3,38.2,25.3,33.4,26,33.8,24.7,40.1,21.3,36.44285714,23.8,97,4,3,0
2022-04-08,199584,2831,4520,60.53,40,19.7,35.5,22,34.5,27,39,25,34,25.5,33.7,25.8,40.1,21.4,36.68571429,23.77142857,98,4,4,0
2022-04-09,196544,5591,4477,62.61,41.6,19.9,34.7,23.4,34.7,28.2,38.4,24.3,34.3,26.4,34,26.4,40.1,22.9,36.82857143,24.5,99,4,5,1
2022-04-10,186976,1865,4301,63.19,42.4,23.5,34.9,23.8,34.8,28.4,37.2,25.6,33.9,27.2,34.5,26.8,38.7,23.7,36.62857143,25.57142857,100,4,6,1
2022-04-11,194436,7844,4437,59.25,41.8,22.5,31.7,22.9,34.3,28.1,38.2,26,33.9,27.3,33.8,25.4,38.6,23.1,36.04285714,25.04285714,101,4,0,0
2022-04-12,197313,8495,4470,105.95,42.6,22.5,35.1,22.6,34.3,27.3,38.2,25,34.8,26.8,34.4,23.8,39.1,20.8,36.92857143,24.11428571,102,4,1,0
2022-04-13,197507,5851,4450,114.68,39.5,21.7,34.8,23.7,34.3,27.9,38.7,24.6,34.5,27.1,35.4,24,38.1,21.3,36.47142857,24.32857143,103,4,2,0
2022-04-14,195953,1215,4374,74.9,40.6,26.2,33.7,21.2,34.3,28.2,38.2,25.5,34.1,27.7,35.6,26,38.9,20.7,36.48571429,25.07142857,104,4,3,0
2022-04-15,192533,2173,4350,43.42,39.4,23.7,31.7,19.1,35.6,28.5,39.3,28.4,35.4,27.7,33.7,26.6,39.5,23.7,36.37142857,25.38571429,105,4,4,0
2022-04-16,194731,1985,4430,40.52,38.7,22,33,21.9,35.3,29.1,36.8,27.1,37.9,27.5,33.6,24,38,20.2,36.18571429,24.54285714,106,4,5,1
2022-04-17,184781,1398,4274,31.28,40,21.7,34.1,20,35.5,28.9,38.9,26.8,36.3,27.6,33.2,24.6,39.4,21.9,36.77142857,24.5,107,4,6,1
2022-04-18,195698,3948,4425,55.19,40.9,22.5,32.1,21.5,35,29.1,39.2,27.1,35.5,27.9,33.8,24,39.2,22.5,36.52857143,24.94285714,108,4,0,0
2022-04-19,196657,4469,4469,88,41.6,23.7,31.8,20,35.2,27.9,39.6,25.7,35.7,27.5,33.1,25,38.8,21.6,36.54285714,24.48571429,109,4,1,0
2022-04-20,197244,7681,4430,105.24,42.6,25.6,32.4,21.8,35,28.6,40.6,27.2,34.3,28.1,32.8,25.8,37.7,24.2,36.48571429,25.9,110,4,2,0
2022-04-21,197283,3002,4446,70.09,41.2,25.8,34.1,23.2,35.2,28.6,41.4,26.6,34.6,27.7,34.3,26.1,39.6,24,37.2,26,111,4,3,0
2022-04-22,196996,6002,4380,93.1,35.2,22.8,34.5,22.7,34.7,27.3,40.2,25.4,34.4,28.2,38.9,27,37.6,21.7,36.5,25.01428571,112,4,4,0
2022-04-23,197309,4647,4420,96.33,39.3,20.6,33.5,22.7,34.6,28.3,36.9,25.4,36.5,27.5,37.4,28.2,39.4,21.6,36.8,24.9,113,4,5,1
2022-04-24,186915,2648,4302,56.04,39.5,22.2,31.2,23.3,35.3,28.4,37.2,26.8,38.1,28.3,37.4,27.8,38.8,25.3,36.78571429,26.01428571,114,4,6,1
2022-04-25,199341,5249,4471,82.04,39.5,22.7,34,23.2,35.1,28,39.2,25.1,39.6,28.3,35.5,24.4,37.1,21.7,37.14285714,24.77142857,115,4,0,0
2022-04-26,201066,8222,4498,120.07,40.6,24.9,34.6,23.4,35.3,28.4,40,27.4,39.5,28.7,38.5,25.6,39.1,23.3,38.22857143,25.95714286,116,4,1,0
2022-04-27,200650,10297,4535,198.51,40.8,22.2,34.4,23.7,36,28.3,39.7,26.8,37,28,34.9,25.4,40.1,21.1,37.55714286,25.07142857,117,4,2,0
2022-04-28,204653,10778,4567,192.11,41.5,22.5,35,24.2,35.3,27.9,40.4,29.2,37,28.5,37.2,25.8,41.3,21.3,38.24285714,25.62857143,118,4,3,0
2022-04-29,207111,8120,4578,214.12,43.5,25.8,34.7,23.3,35.9,29,40.8,24.3,37.3,28.6,37,28.8,41.8,25.4,38.71428571,26.45714286,119,4,4,0
2022-04-30,203947,5816,4562,127.82,43.5,25.7,36.7,22.7,35.5,28.9,41.2,28.9,36.2,26.9,34.7,25,40.7,21.6,38.35714286,25.67142857,120,4,5,1
2022-05-01,190501,207,4377,38.74,43.5,25.7,34.8,23,36.5,29.2,41.7,24.4,34.6,23.2,34.9,25,38.6,21.6,37.8,24.58571429,121,5,6,1
2022-05-02,204453,1773,4490,26.56,40.5,27.4,33.9,20.2,,,41.5,28.8,34.7,21.8,34.2,27.6,38.4,22.6,37.2,24.73333333,122,5,0,0
2022-05-03,199486,943,4475,44.94,40.8,28.5,32.5,22.4,37.5,29.3,40.9,28.4,33.8,26.4,34.7,27.5,37.9,20.7,36.87142857,26.17142857,123,5,1,0
2022-05-04,197913,667,4389,30.6,38.4,28.8,34,20.9,35.3,29.7,39.4,18.9,29.7,24.7,34.7,25.5,37.8,22,35.61428571,24.35714286,124,5,2,0
2022-05-05,194725,1074,4300,28,39.1,22.4,34.2,21,35.8,27.6,34.4,21.4,33.1,26.9,34.4,26.5,38.4,22.1,35.62857143,23.98571429,125,5,3,0
2022-05-06,196860,556,4423,23.83,37,24.2,31.2,21.3,36.1,29.6,37.6,26.1,36.1,25.2,34.4,26.7,39.6,19.9,36,24.71428571,126,5,4,0
2022-05-07,199773,1642,4471,30.69,38.4,23.8,32.4,21.2,36.5,27.7,40,26.8,36.4,27.2,34.2,25.8,39.3,20.4,36.74285714,24.7,127,5,5,1
2022-05-08,189239,430,4358,18.15,39.4,27,33.5,21.8,36.3,29.4,39.7,29.4,35.7,27.2,34.1,25.4,39.6,21.4,36.9,25.94285714,128,5,6,1
2022-05-09,198045,754,4489,14.45,40.4,27.6,33.2,21.9,36.1,29.1,39.2,26.8,35.3,27.7,35.1,27,40.7,26.1,37.14285714,26.6,129,5,0,0
2022-05-10,194780,1360,4476,18.75,40,28,31.5,20.2,33.6,25,40,26.8,32.3,25.4,33.5,28.2,38.6,25.7,35.64285714,25.61428571,130,5,1,0
2022-05-11,196278,880,4497,13.38,39.5,28,24.3,21.5,,,38.6,27.6,33.3,25.1,33.5,27.4,37.7,24.6,34.48333333,25.7,131,5,2,0
2022-05-12,199874,787,4525,6.46,41.4,29.5,25,19.5,34.3,27.6,31.8,26.3,31.2,27,34.1,28.2,35.4,25.6,33.31428571,26.24285714,132,5,3,0
2022-05-13,199663,582,4502,5.95,42.5,28.1,23,20,33,24.7,33.4,25.5,32.8,28.5,34.5,28.2,33.7,25.3,33.27142857,25.75714286,133,5,4,0
2022-05-14,200638,0,4534,1.65,42.5,25.2,26.3,21.2,35.3,26.8,38,27.2,34.2,23.2,34.8,27.8,36.7,24.1,35.4,25.07142857,134,5,5,1
2022-05-15,191253,381,4382,4.25,44.2,25,29.7,20.9,36.3,28.2,40.2,26.6,33.8,24.2,34.3,28.4,37.1,23.2,36.51428571,25.21428571,135,5,6,1
2022-05-16,201749,314,4501,4.62,45.6,30.8,29.5,22.4,35.8,26.9,39.8,22.4,34.2,27.7,34.2,27.5,37.6,24.2,36.67142857,25.98571429,136,5,0,0
2022-05-17,201640,1510,4508,15.26,42.4,27.5,30.1,21.1,34.1,27.6,36.8,27.3,34.2,28.8,34.3,27.6,40.8,24.3,36.1,26.31428571,137,5,1,0
2022-05-18,198050,2956,4479,35.36,41.1,29.6,27.6,20.2,34.3,28.2,36.8,27.4,34.4,28.5,34.5,27.6,38.1,22.9,35.25714286,26.34285714,138,5,2,0
2022-05-19,199355,1163,4473,41.66,40.6,27.5,29,21.5,34.2,28.1,35.8,25.2,34.6,29,34.2,27.5,38.1,24.6,35.21428571,26.2,139,5,3,0
2022-05-20,198003,279,4452,22.05,43.6,28.2,22.4,17.9,35.3,28,35.6,25.6,33,27.5,33.6,29,38,24.3,34.5,25.78571429,140,5,4,0
2022-05-21,191592,219,4277,4.25,44.4,29.8,27,18.8,37,28,36.2,24,35.7,28.6,33.4,28.5,32.6,24.3,35.18571429,26,141,5,5,1
2022-05-22,183003,590,4053,3.22,42.4,23.1,26.7,20.7,36.6,30.1,34,24.2,35.1,21.8,34.4,28.5,34.6,24.2,34.82857143,24.65714286,142,5,6,1
2022-05-23,178201,270,3946,2.54,39.3,17.2,28.5,21,37.7,29.2,37.5,25.6,31.7,25.2,34.7,29,34.6,24.9,34.85714286,24.58571429,143,5,0,0
2022-05-24,182575,1395,4023,8.53,31.5,18.2,30.3,22.1,39.2,29.4,37.8,26.3,34.7,27.3,34.6,29.2,34.7,24.9,34.68571429,25.34285714,144,5,1,0
2022-05-25,186998,1376,4195,22.64,32.5,23.6,30.7,22.2,39.1,29.1,39.2,27.8,34.4,27.4,34.5,28.9,35.2,24.3,35.08571429,26.18571429,145,5,2,0
2022-05-26,190499,222,4325,9.93,34.4,22.5,31.1,22.6,37.6,28.9,38.8,27.2,35.9,27.3,34.5,28.5,36.2,23.1,35.5,25.72857143,146,5,3,0
2022-05-27,194231,627,4380,5.01,36.7,25.5,31.9,21.6,38.3,28.6,39.4,25.6,37.2,25.2,34.4,29,36.1,22.9,36.28571429,25.48571429,147,5,4,0
2022-05-28,196061,1148,4411,13.9,39.3,26.9,31,21.2,38.4,28.4,38,26.6,37.3,29,34.4,28.8,35.1,23,36.21428571,26.27142857,148,5,5,1
2022-05-29,189340,721,4293,9.85,40.2,28.7,30.6,21.2,39.8,29.4,39.2,27.8,38,24.7,34.8,29.2,34.4,23.2,36.71428571,26.31428571,149,5,6,1
2022-05-30,201791,1173,4469,14.51,40.7,27.8,30.6,21.6,39.5,29.1,39.8,28,34.7,27.1,34.5,28.8,34.9,23,36.38571429,26.48571429,150,5,0,0
2022-05-31,204456,1571,4574,22.06,40.6,20.4,30.4,20.6,39.4,29,39.7,27.6,36.4,28.3,34.5,29,35.6,23.4,36.65714286,25.47142857,151,5,1,0
2022-06-01,199207,1446,4544,24.95,39.4,24.9,30.4,21.2,39.3,29.1,39,24.6,35.2,27.1,34.4,29,37.2,24.8,36.41428571,25.81428571,152,6,2,0
2022-06-02,202284,1402,4616,28.97,41.9,26.6,29.8,22,40,30,37.9,28,33.1,28.4,34,29.4,34.6,24.3,35.9,26.95714286,153,6,3,0
2022-06-03,203910,1268,4638,29.36,42,24.9,31,21.3,40.1,30.3,40,25.9,34.5,26.2,34.3,28.4,35.7,23.6,36.8,25.8,154,6,4,0
2022-06-04,203442,3418,4627,43.93,42.9,28.7,32.2,19.5,38.4,29.8,40,24,33.7,29.1,34.1,28.2,36.9,23.8,36.88571429,26.15714286,155,6,5,1
2022-06-05,194681,1063,4486,33.41,43.9,27.4,33,20.6,37.3,29.7,39.8,26.7,34.7,27.3,34,27.6,36.7,23.9,37.05714286,26.17142857,156,6,6,1
2022-06-06,202439,1628,4562,29.78,44.2,26.3,32.5,19.1,38.9,26.8,41.9,26.2,35.1,29.1,34.1,28.6,38.4,24.8,37.87142857,25.84285714,157,6,0,0
2022-06-07,206539,513,4676,18.88,43.5,27.6,30.6,21.1,36.9,27.3,37.2,27.4,35,29.3,35,28.4,35.1,24.8,36.18571429,26.55714286,158,6,1,0
2022-06-08,209809,936,4711,22.46,43.5,31.2,29,21.2,38.3,29.2,40.8,26.5,35.4,27.8,34.5,29.4,34.4,24.8,36.55714286,27.15714286,159,6,2,0
2022-06-09,210793,578,4712,20.75,44,28.1,30.6,21.5,39.9,30,36.8,25,35.2,29.5,34.9,29.5,35.6,23.1,36.71428571,26.67142857,160,6,3,0
2022-06-10,211856,584,4722,25.74,43.8,29.8,30.6,21.1,39.8,29.3,38.8,26.6,34.8,24.7,35.2,25,35.3,22.8,36.9,25.61428571,161,6,4,0
2022-06-11,206798,1002,4655,24.95,43.5,29.7,29.9,20.6,39.4,,37.4,28.2,34,23.4,34.4,25.2,36,23.8,36.37142857,25.15,162,6,5,1
2022-06-12,192922,744,4440,18.68,43.8,32.8,30.4,20.9,37.6,29.4,37.3,25.6,32.7,27.8,33.2,24.8,31.5,23.6,35.21428571,26.41428571,163,6,6,1
2022-06-13,201155,3654,4554,60.84,43.9,31.6,30.5,20.6,39.2,28,36.6,25.7,34.6,29.1,32.9,26.6,32.9,23.7,35.8,26.47142857,164,6,0,0
2022-06-14,206071,2490,4619,69.58,43.7,31.2,29.5,20.6,37.3,29.2,37.8,23.4,34.9,29.5,34.4,25.8,34.5,23.5,36.01428571,26.17142857,165,6,1,0
2022-06-15,203078,1628,4599,34.21,39.6,29.4,31.9,20.2,38.8,28,36.6,24,35.6,23.9,34.4,26,34.3,23,35.88571429,24.92857143,166,6,2,0
2022-06-16,196515,1408,4514,23.06,42.2,23.8,28,21.3,35.4,27.5,35.3,24.2,32.7,28.4,34.5,26.5,34.5,23.5,34.65714286,25.02857143,167,6,3,0
2022-06-17,191898,672,4346,15.86,40.2,22.8,30.6,19.7,36.3,28.5,35.2,25.8,33.8,29.1,33.1,26.1,34.4,23.7,34.8,25.1,168,6,4,0
2022-06-18,185168,70,4219,6.7,36.7,24.4,30.5,21.2,35.9,26.4,35.8,26.2,33.4,25.8,33.7,24.8,33,23.9,34.14285714,24.67142857,169,6,5,1
2022-06-19,178390,0,4002,3.25,32.7,24.5,27.2,21.1,34.5,28.5,36,25.6,31.1,25.6,34.5,25.4,34.2,23.4,32.88571429,24.87142857,170,6,6,1
2022-06-20,183850,109,4113,3.23,30.7,23.6,29.5,20.7,37.1,22.8,34,24.6,34.2,25.1,31.3,25,32.3,23.7,32.72857143,23.64285714,171,6,0,0
2022-06-21,182058,473,4113,6.03,32.8,24.9,28.4,20.5,34.9,23.4,34.7,21.5,32,26.3,29.3,24,28.1,22.6,31.45714286,23.31428571,172,6,1,0
2022-06-22,186593,213,4191,,34.5,24.3,27.8,20.4,34.9,24.2,33.2,24,34.2,26.1,30.6,25.4,29.3,22.9,32.07142857,23.9,173,6,2,0
2022-06-23,191684,406,4341,13.13,37.2,25.3,25.6,20.4,35.1,27.5,32.7,23.8,31.8,27.2,32.7,25.4,31.8,22.7,32.41428571,24.61428571,174,6,3,0
2022-06-24,192836,88,4395,12.24,37.9,23.2,26.2,20.7,32.9,27.8,34.4,24.6,33.2,27.3,32.6,25.2,30.6,22.6,32.54285714,24.48571429,175,6,4,0
2022-06-25,191745,610,4394,13.29,39.3,24.3,28.8,20.5,37.2,27,32.2,23.6,33,26.9,33.3,24.8,30.9,23.6,33.52857143,24.38571429,176,6,5,1
2022-06-26,189175,160,4368,14.42,40.5,29,26.9,20.5,36,28,32.8,22.8,30.9,26.7,33.6,26.4,31.8,24.3,33.21428571,25.38571429,177,6,6,1
2022-06-27,201347,3739,4540,44.4,40.6,29.8,28.3,20.1,36.7,28.2,30.6,21.8,32.1,26.9,32.9,25.6,31.4,23.8,33.22857143,25.17142857,178,6,0,0
2022-06-28,203847,927,4639,26.56,40.9,30.8,28,20.2,34.3,25.2,30.3,22.4,34.6,27.7,32,26,29.1,22.5,32.74285714,24.97142857,179,6,1,0
2022-06-29,200395,358,4562,5.92,41.5,28.8,27.5,21.1,34.1,28.7,30.8,22.5,34.3,28,29.1,25.6,29.5,23.2,32.4,25.41428571,180,6,2,0
2022-06-30,187662,206,4234,3.14,40.9,27.6,29.5,20.5,37.3,27.2,32.2,23.9,34.6,27.1,30.7,24.4,32.7,22.6,33.98571429,24.75714286,181,6,3,0
2022-07-01,183054,46,4147,4.33,29.4,23,27.8,20.5,36.5,25.3,32.6,23.8,32.2,27.6,27.2,24,31.4,21.8,31.01428571,23.71428571,182,7,4,0
2022-07-02,184218,191,4174,1.39,31.9,26.2,28.7,20.9,36.2,27,33.2,22.2,32.2,27.2,28.4,23.8,27.7,22.8,31.18571429,24.3,183,7,5,1
2022-07-03,180432,241,4049,2.03,34.4,26.2,28.5,21.1,36.4,28.6,31,22.8,33.9,25.7,31.6,25.8,29.1,22.7,32.12857143,24.7,184,7,6,1
2022-07-04,188563,2416,4285,16.77,35.7,27.4,27,20.6,36.4,27.3,33,22.5,31.7,27.2,32.2,25.2,30.4,22.5,32.34285714,24.67142857,185,7,0,0
2022-07-05,190386,2336,4386,25.1,36.8,29,25.8,20.1,34.6,28.6,30,22.8,34.6,27.6,30.7,25,30,21.9,31.78571429,25,186,7,1,0
2022-07-06,186173,4450,4331,27,37.9,29.4,26.5,20.6,34.2,26.3,32.2,21.6,34.1,27.4,26.8,24.8,28.1,22.1,31.4,24.6,187,7,2,0
2022-07-07,189806,2357,4371,23.95,38.6,30,25,20.3,32.8,26.1,28.6,23.2,31,27.2,27.7,24.8,25.8,22.1,29.92857143,24.81428571,188,7,3,0
2022-07-08,189763,1916,4376,26.51,39.1,29.2,23.7,19.7,33,27.6,30.2,22.4,34.1,27.7,28.2,24.4,25.6,22.3,30.55714286,24.75714286,189,7,4,0
2022-07-09,180654,1660,4173,18.28,39,30.5,25.5,19.8,32.1,27.8,25.7,21,33.7,27.6,29.4,25.8,27.2,22.2,30.37142857,24.95714286,190,7,5,1
2022-07-10,172375,196,3908,9.36,35.1,27.5,25.4,20,32.9,27,24,20.4,33.3,27.5,29,25.5,26.3,22.2,29.42857143,24.3,191,7,6,1
2022-07-11,182818,970,4115,9.76,34.9,27.1,26.2,20.2,33.8,26.7,24.4,21,32.6,26.8,29.3,25.8,25.9,21.8,29.58571429,24.2,192,7,0,0
2022-07-12,184019,484,4170,9.83,36.9,26.2,25.6,19.8,32.9,26.4,26.2,20.8,33.2,27,29.4,23.9,25.9,21.2,30.01428571,23.61428571,193,7,1,0
2022-07-13,184181,588,4173,9.99,33.3,26.8,27.5,19.7,36.1,25.9,23.9,20,32.7,27.5,28.1,25,24.2,20.2,29.4,23.58571429,194,7,2,0
2022-07-14,177936,556,4090,5.9,37.1,28,24.3,19.5,35.3,27.5,25,21.3,33.6,27.4,26.8,24.5,23.2,21.3,29.32857143,24.21428571,195,7,3,0
2022-07-15,181148,534,4068,9.31,38.4,27.5,25,19.5,35.8,28.1,26.6,22.5,32.7,27.2,27.8,25,25.8,21.4,30.3,24.45714286,196,7,4,0
2022-07-16,180324,1448,4155,12.19,38.6,28.3,25.6,20.1,36.1,28.4,29.2,22.4,34.2,27.5,29.2,25.2,25.6,21.8,31.21428571,24.81428571,197,7,5,1
2022-07-17,175023,1083,3930,16.52,36.5,24.3,25.6,20.2,36,24.8,31.2,22.8,32.7,27,31.6,25,27.5,22.2,31.58571429,23.75714286,198,7,6,1
2022-07-18,182405,3918,4166,35.88,35,25.8,27.5,20.9,33.2,27,28.6,22.1,32.4,26.7,31.6,25.4,28.6,22.4,30.98571429,24.32857143,199,7,0,0
2022-07-19,188698,3650,4343,32.36,38.2,29.2,25.8,20.1,33.3,27.5,29.5,22,33.7,26.8,28.9,24.8,24.9,21.9,30.61428571,24.61428571,200,7,1,0
2022-07-20,185657,534,4229,17.31,37.7,28.2,29.6,21.5,36.6,25.5,31.4,23.4,34.3,28,30.6,25,28.6,21.5,32.68571429,24.72857143,201,7,2,0
2022-07-21,181146,624,4036,7.2,35.1,24.5,30.8,20.5,34.6,27,32.7,24.2,32.9,28.2,30.5,25.6,28.1,21.7,32.1,24.52857143,202,7,3,0
2022-07-22,179923,978,4074,7.55,33.1,26.8,27.9,21.1,35.5,24.7,31,23.9,34.3,27.6,30.5,26,28.6,21.9,31.55714286,24.57142857,203,7,4,0
2022-07-23,179214,688,4028,8.7,33.9,25.5,26.3,20.9,32.9,26.2,27,20.8,34.2,27.5,30.5,25.8,28.8,22.1,30.51428571,24.11428571,204,7,5,1
2022-07-24,171431,481,3893,3.3,34.9,27.1,26.7,20,35,25.5,27.6,22.4,32.1,25.3,31.3,25.6,27.1,21.3,30.67142857,23.88571429,205,7,6,1
2022-07-25,181928,407,4061,4.83,35.7,26.8,26.5,20.2,33.3,26.8,28.2,22,29.3,24.9,30.4,25.1,25.9,21.9,29.9,23.95714286,206,7,0,0
2022-07-26,183131,668,4114,7.09,35.2,26.4,28.5,21.2,35,26.7,30.5,21.5,29.9,25.8,30.2,26,28.6,21.9,31.12857143,24.21428571,207,7,1,0
2022-07-27,182823,1305,4149,9.18,33.6,26.7,27.5,20.8,33,26,30.5,21.9,33.3,27.2,31.1,24.2,26.8,21.6,30.82857143,24.05714286,208,7,2,0
2022-07-28,182281,1625,4155,10.26,34.6,26.7,29.5,20.9,33.3,27.3,30.4,23.6,33.8,26.9,29.4,24.2,31.3,21.4,31.75714286,24.42857143,209,7,3,0
2022-07-29,184538,1178,4167,9.71,31.2,25.2,30.2,22.3,33.4,27.7,32.2,22,35.2,27.7,31.3,26,32.4,23.4,32.27142857,24.9,210,7,4,0
2022-07-30,182033,980,4125,4.75,32.2,24.5,30.7,20.3,34.4,27.9,32.7,21,34.9,27.6,31.6,26.2,31.5,23.1,32.57142857,24.37142857,211,7,5,1
2022-07-31,172893,536,3943,2.43,32.5,24.6,31.5,20.5,35.8,28,32.9,22.6,34.7,28.6,31.8,26.2,31.7,22.7,32.98571429,24.74285714,212,7,6,1
2022-08-01,186023,890,4114,4.62,33,25.6,28.4,20.3,34.7,27.6,33.2,24,33.6,27.4,31.9,25.8,31.7,21.9,32.35714286,24.65714286,213,8,0,0
2022-08-02,188180,3678,4248,14.26,33.6,25.8,30.5,20.1,35.5,26.7,30.9,23.4,34.5,27.3,31.7,25.2,31.2,21.9,32.55714286,24.34285714,214,8,1,0
2022-08-03,186987,2465,4292,18.4,35.7,27.6,28.1,19.7,33,26.7,31.8,22.8,34.3,27.8,31.8,25,30.7,22.9,32.2,24.64285714,215,8,2,0
2022-08-04,187724,2009,4247,18.67,34.6,26.8,27.5,21.2,31.5,26.7,31.9,23.6,32.2,26.3,30.8,25.6,32.1,21.5,31.51428571,24.52857143,216,8,3,0
2022-08-05,185833,1747,4196,10.34,34.6,26.5,23.9,20,30.7,26.4,31.6,23.4,33.7,27,30.3,25.4,32.3,22.6,31.01428571,24.47142857,217,8,4,0
2022-08-06,184929,986,4172,9.47,30.4,26.3,24.3,19.8,33.1,26.9,31.7,22.9,33.8,27.5,29.9,25,31.1,21.2,30.61428571,24.22857143,218,8,5,1
2022-08-07,175854,426,3972,5.81,33.5,27.4,24.2,20.2,33.7,27.6,30,22,32.3,26.7,31.3,25,29.6,22.2,30.65714286,24.44285714,219,8,6,1
2022-08-08,184047,1011,4100,4.62,29.2,25.1,24.6,20.2,33,27.2,28,21.4,33.6,27.2,31.3,24.2,30.9,21.6,30.08571429,23.84285714,220,8,0,0
2022-08-09,180068,781,4137,6.07,35.2,27.6,24.5,19.8,36,28.3,25.2,21.8,31.7,25.8,28.1,24.6,26.6,21.7,29.61428571,24.22857143,221,8,1,0
2022-08-10,184599,912,4165,2.56,36.8,27.8,26.1,19.6,36,27.4,27.4,22.6,30.7,25.6,27.7,24.3,25.2,21.4,29.98571429,24.1,222,8,2,0
2022-08-11,174192,145,3991,1.83,37.5,28,26.9,19.7,36.5,27.9,29.5,22.4,30.9,25.7,28.6,24.8,26.7,22,30.94285714,24.35714286,223,8,3,0
2022-08-12,184427,586,4144,5.16,31.9,26.4,27.5,20.1,36.8,29,30.6,22.8,29.6,25.9,29.6,24.6,25.8,22.4,30.25714286,24.45714286,224,8,4,0
2022-08-13,183851,634,4209,6.38,37.2,27.4,27.1,19.8,36.5,29.4,30.8,22.6,32.6,26.6,29.5,25,26.8,21.7,31.5,24.64285714,225,8,5,1
2022-08-14,173570,607,3988,3.47,35.4,27.1,27.6,19.6,37.2,28.9,29.2,23,34,26.8,30.7,24.8,27.7,21.9,31.68571429,24.58571429,226,8,6,1
2022-08-15,161503,113,3666,2.42,34,25.8,26.5,20.1,35.8,28.5,25.2,21.3,29.4,25.2,30.3,26,27.5,21.9,29.81428571,24.11428571,227,8,0,0
2022-08-16,180990,1097,3951,5.96,34.9,27,28,20.5,36,28.5,26.6,22,30,26.5,29.3,25.2,26.8,20.7,30.22857143,24.34285714,228,8,1,0
2022-08-17,189173,1855,4225,10.87,33.1,24.6,30,21.1,33.8,26.5,32,23,34.8,28.3,27.2,25,26.5,21.8,31.05714286,24.32857143,229,8,2,0
2022-08-18,189631,2967,4362,15.07,34.4,24.6,29.5,21.4,34.2,25.7,32.7,23,35.7,29,30,24.6,28.2,21.7,32.1,24.28571429,230,8,3,0
2022-08-19,192735,0,4368,17.9,35.3,26.7,30,21.1,36.6,27.8,32.8,22.5,35.3,26.6,30.3,25.4,28.8,21.5,32.72857143,24.51428571,231,8,4,0
2022-08-20,185624,0,4176,0.66,35.7,27.5,28.9,20.5,35,29,30.6,22.5,30.6,25.5,30.5,24.6,27.6,21.7,31.27142857,24.47142857,232,8,5,1
2022-08-21,178394,154,4104,1.52,32.8,26.6,29.1,20.5,37.1,28.7,30.6,22.5,30.6,26.4,28.8,25.6,27.8,21.6,30.97142857,24.55714286,233,8,6,1
2022-08-22,189168,788,4309,5.55,35.1,27.6,28.5,20.7,37.1,23.9,31.5,22.4,32.9,27.2,30.5,26,28.4,21.7,32,24.21428571,234,8,0,0
2022-08-23,191471,1321,4351,9.1,36.1,27.2,28.3,20.8,36.1,26.2,30.8,22,35.3,26,29.9,25,28.1,22.4,32.08571429,24.22857143,235,8,1,0
2022-08-24,188424,2684,4316,14.93,35.5,25.7,28.7,20.9,36.5,24.3,32,23,31.7,25.9,32.5,25.4,28.3,22,32.17142857,23.88571429,236,8,2,0
2022-08-25,188841,4399,4296,25.02,34.3,25.2,27.9,20.1,34.5,26.4,32.8,23.4,29,26.1,30.4,25.4,27.5,21.7,30.91428571,24.04285714,237,8,3,0
2022-08-26,194506,5820,4406,39.3,33.7,25.8,28,20.3,35,25.7,32.4,23.8,33.2,26.6,30.7,25.6,29.2,21,31.74285714,24.11428571,238,8,4,0
2022-08-27,192178,4309,4377,39.91,35.1,26.4,27.2,19.3,34.1,24.6,33.4,23.5,34.5,28.2,30.8,24.8,30.8,19.8,32.27142857,23.8,239,8,5,1
2022-08-28,183224,2225,4235,14.83,35.1,26.2,27.9,19.2,33.8,25.2,33.6,23.4,34.5,26.5,31.2,24.6,29.6,19.5,32.24285714,23.51428571,240,8,6,1
2022-08-29,183224,2225,4235,14.83,35.2,26.9,28.4,21,34.5,26.4,32.2,24.2,33.1,27.5,31.4,24.4,30.5,20.6,32.18571429,24.42857143,241,8,0,0
2022-09-01,196229,4356,4390,35.08,38,27,28.2,20.5,32.3,25.2,33.5,24.5,35.6,28.5,32.2,23.8,34.6,20.8,33.48571429,24.32857143,244,9,3,0
2022-09-02,195565,3899,4468,35.88,37.1,27.6,28.4,20,29.9,25,33,24,35.6,28.5,31.7,25.2,32.6,22.4,32.61428571,24.67142857,245,9,4,0
2022-09-03,198603,1865,4543,10.84,37.1,26.8,27.4,21,32.9,26.4,32.1,24.2,35.4,24.9,33.7,25.4,33.1,22.4,33.1,24.44285714,246,9,5,1
2022-09-04,188830,555,4388,8.7,36.4,26.8,30,20.4,33.7,27.6,34,23.3,34.5,27.6,33,24.7,34.4,23.2,33.71428571,24.8,247,9,6,1
2022-09-05,198641,2676,4499,26.2,36.9,26.2,30,19.5,34.3,26.4,32.1,23.6,35.1,28.5,31.1,25.2,31.8,22.6,33.04285714,24.57142857,248,9,0,0
2022-09-06,198609,1923,4539,26.6,37.1,26.3,31,20.1,35,28.3,34,23.8,35.2,26,31.4,25.8,31.6,22,33.61428571,24.61428571,249,9,1,0
2022-09-07,199472,2292,4570,19.95,36.5,25.8,29.5,20.7,34.8,26.8,33.5,21.5,32.6,27.5,31.6,26.2,32.4,22.4,32.98571429,24.41428571,250,9,2,0
2022-09-08,197131,1883,4517,23.9,37.2,28,26,19.9,32,26.4,32.2,21.2,35.2,29.4,32.1,24.2,29.6,21.6,32.04285714,24.38571429,251,9,3,0
2022-09-09,195305,2206,4491,22.05,37.4,27.1,24.5,20.3,28.9,26.9,29.9,21.6,35,26.6,32,24,30,22.6,31.1,24.15714286,252,9,4,0
2022-09-10,190471,758,4425,3.63,37.7,27.6,27.5,21,34.8,27.6,30.6,22.6,34.7,28.4,31.7,25,31.9,23.4,32.7,25.08571429,253,9,5,1
2022-09-11,180954,600,4178,6.36,36.8,26.6,26.7,20.5,33.1,28,28.2,21.5,33.8,26.5,31.5,24.6,31.2,23,31.61428571,24.38571429,254,9,6,1
2022-09-12,190764,59,4228,9.08,37.1,27.4,26.8,20.1,33.7,26.8,24.5,21.8,30.2,25.1,31.6,25.2,32.9,21.9,30.97142857,24.04285714,255,9,0,0
2022-09-13,190571,289,4188,1.38,37.3,23.8,28.3,19.6,35.8,27.3,28.7,22.4,26.8,24.7,30.5,24.5,30.5,22.2,31.12857143,23.5,256,9,1,0
2022-09-14,186141,338,4166,5.96,35.4,26.4,26.3,20,35.5,27.4,28.5,21.6,28.2,25.8,27.8,24.9,26.2,21.8,29.7,23.98571429,257,9,2,0
2022-09-15,194948,5200,4461,37.27,33.6,24.2,27.8,19.8,34.8,27.4,29.6,22.1,29.6,27,30.1,25.4,27.4,21.7,30.41428571,23.94285714,258,9,3,0
2022-09-16,183373,131,4046,8.44,31.7,22.5,27.7,20,34.3,28.1,29.5,22.1,30.8,25.6,30.1,24.4,29.6,21.9,30.52857143,23.51428571,259,9,4,0
2022-09-17,181554,489,4042,2.22,25.9,22.3,28,20.3,37.2,28.4,30,21.5,33.3,26.2,27.4,24.4,24.1,20.7,29.41428571,23.4,260,9,5,1
2022-09-18,177663,884,4026,4.55,33.6,23.8,29.5,20.6,37.5,27.1,31.6,22.2,31.9,25.6,30.4,23.8,29.7,21.1,32.02857143,23.45714286,261,9,6,1
2022-09-19,188296,507,4231,8.04,34.7,24.5,29.3,20.5,36.1,27.9,32.2,23,33,26.6,26.6,23.3,27.8,20.3,31.38571429,23.72857143,262,9,0,0
2022-09-20,190535,166,4252,1.54,33.7,24.6,28.2,19.1,34.5,25.1,30.6,21.7,31.9,26.5,27.3,22.7,26.6,21.1,30.4,22.97142857,263,9,1,0
2022-09-21,188011,216,4202,2.89,34.7,25.1,27.9,19.6,34.4,26.8,27.8,21.7,29.6,26.8,28.7,23.2,24.8,19.7,29.7,23.27142857,264,9,2,0
2022-09-22,185934,631,4126,3.03,34.1,23.8,28,19.1,36.3,27.7,30,23,32.6,26.7,26.4,23.4,26.7,20.8,30.58571429,23.5,265,9,3,0
2022-09-23,182658,195,4070,3.72,28,22.4,28.9,19.7,36.9,28.4,26.2,21,34.7,27.2,25.1,22.4,28.7,20,29.78571429,23.01428571,266,9,4,0
2022-09-24,179947,648,3995,1.9,27.6,22.6,28.9,20.4,36.5,28.6,30.7,21.1,34.3,27.1,31,24,28.1,19.6,31.01428571,23.34285714,267,9,5,1
2022-09-25,172773,340,3892,1.62,27.2,22.6,28.9,19.6,36,27.4,30.6,21.5,34.6,26.8,31.1,24.1,30.1,21.7,31.21428571,23.38571429,268,9,6,1
2022-09-26,183628,1301,4074,9.42,31,22.7,29.4,21,35.5,28.5,32.8,22.4,33.7,26.8,31.5,24.6,29,20.8,31.84285714,23.82857143,269,9,0,0
2022-09-27,186138,636,4140,8.06,33.4,22.4,27.1,20.6,35.3,25.9,32.2,20.2,33.8,27.1,29.7,24.4,27,21.8,31.21428571,23.2,270,9,1,0
2022-09-28,189447,1078,4211,6.29,33.6,23.6,27.7,21.1,33.6,26.9,31.7,21.9,33.6,27.2,30,24.6,30.4,21.6,31.51428571,23.84285714,271,9,2,0
2022-09-29,189103,340,4199,4.85,34.2,23.3,27.6,20.4,32.4,25.8,31.7,22.9,33.5,26.5,31.1,25.6,28.8,22.1,31.32857143,23.8,272,9,3,0
2022-09-30,190685,687,4218,2.84,33.9,23.2,27.2,20,32,26.4,30.3,22.4,33.8,27.4,30,25.6,31.3,21.3,31.21428571,23.75714286,273,9,4,0
2022-10-01,186909,400,4141,3.07,34.3,23.7,25.4,18.7,31.1,24.6,30.4,22.4,34.7,27.6,32.1,25.4,33.1,20.8,31.58571429,23.31428571,274,10,5,1
2022-10-02,175616,0,3965,0.05,34.7,23.2,24.2,18.2,33.2,25.4,31.3,21.1,34.2,25,31.2,25.2,31.1,21.3,31.41428571,22.77142857,275,10,6,1
2022-10-03,184923,170,4265,1.52,35.2,22.5,26.2,20.2,32.8,27.4,31.2,21.6,30.7,26.1,31.6,24.4,31.3,20,31.28571429,23.17142857,276,10,0,0
2022-10-04,182588,100,4092,0.7,34.8,22.1,26.5,20.5,34,27.3,31.3,23.1,29.9,26,31.4,24,30.7,19.4,31.22857143,23.2,277,10,1,0
2022-10-05,172040,0,3897,0.42,35.1,23.8,27.5,20.4,35.1,27.9,29.9,22.8,31.8,27.1,31.6,26.2,32.6,20.4,31.94285714,24.08571429,278,10,2,0
2022-10-06,179719,82,3927,0.51,34,22.4,27.7,,,,30.8,21.6,31.9,23.6,31.6,26.5,30.7,20.5,31.11666667,22.92,279,10,3,0
2022-10-07,177353,143,3886,1.47,31,21.8,27,19.3,32,24.2,28,20.6,31.7,25.9,30,26.1,29.5,21.3,29.88571429,22.74285714,280,10,4,0
2022-10-08,174763,1187,3794,7.39,27.1,20.8,27.5,20,28.8,25.6,28.2,22.4,32.7,26.1,29.1,23,28.5,21.8,28.84285714,22.81428571,281,10,5,1
2022-10-09,164032,121,3646,2.62,23.4,19.3,28,21.3,32.3,24.7,31.2,21.2,35.1,26.5,30,24.6,27.5,18.8,29.64285714,22.34285714,282,10,6,1
2022-10-10,173490,177,3696,1.82,24.1,19.2,26.5,20.8,32.1,24.6,30.3,21.6,33.8,26.5,31.6,24.5,31.7,21.4,30.01428571,22.65714286,283,10,0,0
2022-10-11,174413,1,3706,1.31,23.6,20.5,28.3,21.5,31,26.2,28.6,22,34,26.6,31.5,25.6,31.7,21.2,29.81428571,23.37142857,284,10,1,0
2022-10-12,175546,395,3746,3.07,30.1,20.2,27.7,21.4,31.8,24,30.4,22,34.3,25.5,32,24.4,31.2,21.4,31.07142857,22.7,285,10,2,0
2022-10-13,175620,704,3781,2.98,30.3,18.5,28.2,20.6,33.1,26.8,30.6,19.6,34.2,25,32.4,24.6,28.2,20.8,31,22.27142857,286,10,3,0
2022-10-14,176171,298,3762,2.18,31,19,29,20.1,32.6,26.2,29.7,21,33.7,26.1,31.6,24.1,27.4,21.4,30.71428571,22.55714286,287,10,4,0
2022-10-15,174077,556,3699,2.16,31.8,18.8,26.9,19.8,31,25.2,28.4,21.3,32.7,26,33.4,22.5,30.6,20,30.68571429,21.94285714,288,10,5,1
2022-10-16,164119,205,3564,1.29,31.6,19.1,29,20.1,32.2,26.6,28,20.9,33.6,25.2,33,23.6,29.6,19.1,31,22.08571429,289,10,6,1
2022-10-17,174277,1431,3711,7.96,32.6,17.5,26.6,19.7,33.1,26.6,27.4,21.4,34,24.7,34.4,25.6,28.5,22.3,30.94285714,22.54285714,290,10,0,0
2022-10-18,176035,1060,3776,3.66,32.5,17.5,28.5,20.6,32.7,26.5,30.6,20.5,33.6,24.9,34.5,26,30.6,19.7,31.85714286,22.24285714,291,10,1,0
2022-10-19,176657,1705,3783,8.85,33.1,17,28.5,19.4,33.3,25.9,32.6,20.9,32.4,26,32.3,25.4,30.8,21,31.85714286,22.22857143,292,10,2,0
2022-10-20,178601,553,3774,3.82,34.6,16.9,30,19.4,33.3,25.2,31.1,20.6,30.7,24.3,32,26,32.3,21.8,32,22.02857143,293,10,3,0
2022-10-21,176882,646,3754,2.56,34.5,17.3,28.8,20.1,32.3,24.3,30.6,23.2,33,24.3,32.2,25.5,31.7,21.9,31.87142857,22.37142857,294,10,4,0
2022-10-22,171143,256,3685,1.98,33.5,17.4,28,19.4,32.1,23.8,30.6,19.3,33.2,24,33.5,25.4,29.4,22.4,31.47142857,21.67142857,295,10,5,1
2022-10-23,158845,125,3470,0.29,31.7,14.5,27.9,18.1,32.2,25.6,29.2,16.3,33.6,24.5,34.4,20.8,28.6,15.8,31.08571429,19.37142857,296,10,6,1
2022-10-24,145478,0,3195,0.25,31.2,14.9,28.4,17,34,22.4,29.5,14.9,31.8,22.9,34.3,20.6,29.8,14.4,31.28571429,18.15714286,297,10,0,0
2022-10-25,154974,660,3130,1.78,31.3,14,28,15.4,33.9,22.2,29.8,15.4,24.7,21.5,33.8,20.6,30.8,13.7,30.32857143,17.54285714,298,10,1,0
2022-10-26,155309,644,3315,3.11,30.7,14.9,29,16.3,34.6,23.2,30.7,15.1,30.2,23,32.6,20.6,31.1,14.3,31.27142857,18.2,299,10,2,0
2022-10-27,162744,656,3511,4.65,32.3,15,29.5,15.5,33.3,24.3,30,18.1,32.7,24.5,34.2,20.2,30.4,14.3,31.77142857,18.84285714,300,10,3,0
2022-10-28,167033,1260,3592,7.95,31.9,14.6,29.7,18.7,30,24.4,30.4,16.8,32.5,23.5,34.5,21.8,29.8,13.8,31.25714286,19.08571429,301,10,4,0
2022-10-29,165588,1206,3597,7.55,31.3,15.6,27.7,19.2,31.5,25.4,30.4,17.7,30.9,19.6,34.4,20.4,29.7,13.3,30.84285714,18.74285714,302,10,5,1
2022-10-30,160272,555,3428,2.58,31.8,15,27.7,18.7,31.5,24.6,30.4,15.4,30.6,20.4,34.4,20.5,30.3,12.6,30.95714286,18.17142857,303,10,6,1
2022-10-31,170731,668,3629,5.37,30.8,15,28.2,19,31.3,24.5,30.2,15.6,31.4,21.6,35.4,20.5,30.6,13.4,31.12857143,18.51428571,304,10,0,0
2022-11-01,170690,879,3647,2.65,31.1,15.2,29.3,19.8,26.8,23.4,29.3,18.1,32.2,22.3,34.5,20.6,30,13.3,30.45714286,18.95714286,305,11,1,0
2022-11-02,171407,1074,3686,4.81,33,15.5,26.5,18.8,24.7,23,26,19.8,32.7,23.1,33.5,21,29.2,15.1,29.37142857,19.47142857,306,11,2,0
2022-11-03,173476,472,3699,5.97,31,15.8,24,19.6,26.1,23.9,28.2,17.8,32.6,22,34.6,20.2,30.8,13.1,29.61428571,18.91428571,307,11,3,0
2022-11-04,173894,645,3743,6.36,31,16.5,26,20.1,29.9,23.3,30.7,20,30.2,20.7,35.9,20.6,31.7,13,30.77142857,19.17142857,308,11,4,0
2022-11-05,173164,529,3745,8.44,31.3,17.4,27,19.4,30.7,24.1,30.2,20.2,31.4,20.8,35.8,20.2,31.1,13,31.07142857,19.3,309,11,5,1
2022-11-06,167967,334,3599,3.55,30.6,17.5,27.5,19.1,30.3,24.6,30.5,16.1,31.7,21.2,36.6,19.6,31.6,12.7,31.25714286,18.68571429,310,11,6,1
2022-11-07,175641,720,3755,11.78,31.5,17,27.8,18.5,31.1,24.4,30.5,16.8,31.3,21,36.1,20.6,31.6,13.2,31.41428571,18.78571429,311,11,0,0
2022-11-08,179562,1333,3802,15.26,33,17.2,29,17.9,30.1,23.6,31.4,16.5,31,21.5,34.8,21.4,32.1,13.6,31.62857143,18.81428571,312,11,1,0
2022-11-09,178753,453,3807,10.1,29.1,16.9,29,18.5,29.1,23.9,31.2,15.5,31.2,20.6,35,21.4,32,15.8,30.94285714,18.94285714,313,11,2,0
2022-11-10,179751,536,3831,4.47,30.2,16.8,27.8,18.1,31.1,24.5,29.6,17.5,31.6,21.1,34.4,22.4,31.2,12.8,30.84285714,19.02857143,314,11,3,0
2022-11-11,176898,687,3790,6.2,29.5,14.6,28.4,19.6,30.4,22.7,30,19,32.4,20.9,34.8,21,30.6,12.8,30.87142857,18.65714286,315,11,4,0
2022-11-12,173766,493,3715,4.68,28.5,12.6,22.2,19.5,26.7,22.8,30.4,19.1,32.2,20.1,34.6,22.2,30.7,13.4,29.32857143,18.52857143,316,11,5,1
2022-11-13,166478,558,3551,2.86,28.3,12.6,21.6,19.4,29.8,24,30.7,18.6,30.6,18.8,34.6,23.2,30.6,13.3,29.45714286,18.55714286,317,11,6,1
2022-11-14,175991,440,3698,3.35,28.2,14.1,23.8,19,28.1,23.4,30.6,17.5,29.7,17.5,34.8,21.2,30.4,13.9,29.37142857,18.08571429,318,11,0,0
2022-11-15,176956,90,3767,2.54,31.2,15.4,28.2,18.8,29.4,23.7,30.8,16.8,29.4,17.4,34.7,21.6,31.7,15.4,30.77142857,18.44285714,319,11,1,0
2022-11-16,177942,1115,3788,9.44,29.5,13.2,27,19,29.1,23.3,30.9,13.7,29.7,17.6,35.1,21.4,31.7,14.3,30.42857143,17.5,320,11,2,0
2022-11-17,179117,706,3792,6.44,27.5,11.3,28.4,17.6,29.7,21.3,30.7,13.6,29.6,17.9,33,20.4,31.6,12.9,30.07142857,16.42857143,321,11,3,0
2022-11-18,180411,623,3805,9.58,25.4,9.6,28.4,15.6,30.1,21.3,30.6,14.2,30.2,18.1,34.2,22.2,30.5,11.2,29.91428571,16.02857143,322,11,4,0
2022-11-19,179608,734,3764,4.33,25.9,9,27.8,15.8,29.8,21.8,29.8,16.1,29,18.7,33.2,20.7,29.3,11.3,29.25714286,16.2,323,11,5,1
2022-11-20,175226,,3621,6.68,27,9.6,27,15.4,30.2,21.3,28.3,14.2,28.6,19.2,33.3,19.8,28.1,9.7,28.92857143,15.6,324,11,6,1
2022-11-21,182001,638,3751,7.96,26.8,8.9,25.2,13.9,28.3,21.8,28,18.2,28.4,20.1,32.1,17,28.3,8.8,28.15714286,15.52857143,325,11,0,0
2022-11-22,182699,541,3803,6.13,27.3,9.4,27.2,18.8,,,29.6,20.5,29.7,18.6,31.7,17,28.9,11.2,29.06666667,15.91666667,326,11,1,0
2022-11-23,181812,592,3821,6.61,26.5,8,24.1,20.2,26.5,23.6,30.2,21.7,29.1,16.9,32,20,31.4,14.4,28.54285714,17.82857143,327,11,2,0
2022-11-24,182479,636,3842,5.74,27,8.4,25.6,20.4,30.7,25.1,29.6,20.7,29.5,16.5,33.8,19.4,31.5,14.9,29.67142857,17.91428571,328,11,3,0
2022-11-25,186898,716,3879,5.83,27.4,7.8,22.8,18.6,31.8,25.1,28.6,18.6,28.6,17.6,33.3,20.6,31.8,15.9,29.18571429,17.74285714,329,11,4,0
2022-11-26,185963,576,3857,4.28,28.3,8.3,27.3,18.8,31.6,24.5,30.7,16.7,28.7,16.7,34.1,23,32.6,19.1,30.47142857,18.15714286,330,11,5,1
2022-11-27,180848,455,3716,3.53,27,7.9,28.2,20,30.5,25.1,31.3,15.7,28.7,16.5,34.3,22.5,32,18.1,30.28571429,17.97142857,331,11,6,1
2022-11-28,186714,599,3821,6.14,27.5,7.6,28,20.2,31,24,30.9,15.8,29.2,17,33.5,20,31.9,17.1,30.28571429,17.38571429,332,11,0,0
2022-11-29,185849,481,3839,6.02,27.2,7.3,28.3,19.8,30.3,23,30.9,14.9,29.2,19.3,33.7,17,32.6,15,30.31428571,16.61428571,333,11,1,0
2022-11-30,187382,528,3866,8.37,27.1,8.3,27.8,17,29.3,22.3,30.6,13.3,29.4,21.8,31.8,20,32.3,14.3,29.75714286,16.71428571,334,11,2,0
2022-12-01,185884,529,3825,6.74,26.2,8.3,28.1,17.8,30.7,25.2,29.6,16.1,30.9,19.6,35.2,20.4,30.6,11.9,30.18571429,17.04285714,335,12,3,0
2022-12-02,189393,533,3866,8.56,25.4,8,25.5,19.8,31.2,24.8,30.3,18.4,30.1,17.5,33.5,18.8,29.7,11.1,29.38571429,16.91428571,336,12,4,0
2022-12-03,186666,692,3870,6.44,27.7,8.4,28.5,19.4,31.9,25.1,29.7,21.6,28.5,16.2,34.2,19.2,31.6,14.9,30.3,17.82857143,337,12,5,1
2022-12-04,181736,489,3739,3.45,26.4,9,29,19.5,31.3,26.7,30.2,21,28.2,15.9,33.9,21.2,31.1,18.4,30.01428571,18.81428571,338,12,6,1
2022-12-05,187333,508,3844,5.33,25.2,7.6,28.5,18.6,30.7,25.8,30.5,16.7,27.9,15.9,33.6,23,32.1,18.5,29.78571429,18.01428571,339,12,0,0
2022-12-06,191442,499,3904,5.09,25.6,8,27.4,19.7,30.4,24.8,30.6,14.9,27.6,16.7,33.6,23.4,32.2,17,29.62857143,17.78571429,340,12,1,0
2022-12-07,191025,656,3905,7.97,24.1,9.6,27.4,17.8,30.3,24,30.9,16.9,27.4,16.3,34.1,22.6,31,14,29.31428571,17.31428571,341,12,2,0
2022-12-08,188331,529,3864,10.49,24.4,8.3,27.6,17.3,29.1,23.8,28.8,15.6,25.8,16,32.8,21,31,14.7,28.5,16.67142857,342,12,3,0
2022-12-09,186522,431,3808,6.08,24.8,8.4,26,18.2,25,19.8,28.9,14.2,25.9,15.6,33.1,18.6,28.7,9.4,27.48571429,14.88571429,343,12,4,0
2022-12-10,181828,504,3727,5.42,26.8,8.3,21.8,16.8,23.7,20.2,28.2,18,27,18,31.7,16.5,29.1,8.9,26.9,15.24285714,344,12,5,1
2022-12-11,175742,468,3609,4.31,27.6,8.8,19.6,17.8,25.1,23.3,26.7,19.2,27.2,18.2,33.8,18,30.5,12.3,27.21428571,16.8,345,12,6,1
2022-12-12,183491,449,3747,6.44,28.4,8.4,21.6,19,29.3,24,26,19.6,29,16.6,32.5,20.6,30.5,20.4,28.18571429,18.37142857,346,12,0,0
2022-12-13,184057,463,3817,4.1,27.1,8.9,24,19.4,,,25.7,20.9,29.4,17.5,34.2,25,28.6,20.1,28.16666667,18.63333333,347,12,1,0
2022-12-14,186105,1131,3855,6.33,26.8,10,25.4,18.6,30.2,24,28.7,20.2,30.2,17.6,34.5,25.6,28.2,18.3,29.14285714,19.18571429,348,12,2,0
2022-12-15,186106,1943,3856,19.93,24.6,6.4,26.2,18,30.7,22.8,29.1,18.8,28,16.3,34.9,24.4,30.8,17.3,29.18571429,17.71428571,349,12,3,0
2022-12-16,188893,3615,3902,31.19,23.4,6.2,27.6,15,30,22.2,31.1,18.6,27.2,14.5,34.9,23,31.4,16.5,29.37142857,16.57142857,350,12,4,0
2022-12-17,189554,2388,3936,17.38,24.5,6,29,15.6,30,23.6,30.8,19.5,26.2,13.2,35.6,23.4,32.3,17.1,29.77142857,16.91428571,351,12,5,1
2022-12-18,185904,383,3813,2.57,24.7,6.2,28.4,18.4,31,25.1,31,18.1,25.7,14.7,35.9,23.6,31.7,17.2,29.77142857,17.61428571,352,12,6,1
2022-12-19,193394,2324,3908,14.12,23.7,7.2,26.5,17.6,29.2,21.7,30.7,14.5,26,16.8,35.2,22,31.2,14.2,28.92857143,16.28571429,353,12,0,0
2022-12-20,191821,2612,3968,19.98,23.2,6.3,26.2,16.6,29.1,23.3,28.6,15.7,26.6,15.8,33.5,20.5,31.3,11.4,28.35714286,15.65714286,354,12,1,0
2022-12-21,197495,1433,4023,9.67,23.2,7.1,28.4,17.2,29.6,23.3,30.4,16,26.5,15.1,33.7,19.6,31.3,11.5,29.01428571,15.68571429,355,12,2,0
2022-12-22,199071,1044,4050,6.9,21.1,7.2,27.7,14.4,30,23.1,30,16.4,26.3,14.8,34.3,20,31.6,12.9,28.71428571,15.54285714,356,12,3,0
2022-12-23,200443,864,4047,10.12,20.6,5.3,28.2,15.4,29.6,23.2,30.2,14.8,25.7,14.6,32.3,19.6,32.6,12.5,28.45714286,15.05714286,357,12,4,0
2022-12-24,200239,742,4037,11.74,20.1,5.4,29.2,14,30.1,23.2,31.8,16.6,27.2,14.8,30.6,16,32.3,11.6,28.75714286,14.51428571,358,12,5,1
2022-12-25,193642,392,3872,11.24,20,5.3,29,18.4,30.1,24.2,30.5,17.3,28.6,17.2,30,15,32.4,12.2,28.65714286,15.65714286,359,12,6,1
2022-12-26,196582,395,3972,17.21,16.2,5,24.4,19.8,28.7,25,29.8,21,28.7,20.3,29,16,31.2,12.1,26.85714286,17.02857143,360,12,0,0
2022-12-27,200999,367,4041,4.13,15.6,5.6,25.4,19.8,30.1,24.4,28.6,21,28.9,20.7,29.5,17,33,15,27.3,17.64285714,361,12,1,0
2022-12-28,201523,1495,4079,18.9,17.2,6.3,23.6,19.1,30.3,24,32.6,21,27.9,20.6,31.5,17.2,32.4,15.3,27.92857143,17.64285714,362,12,2,0
2022-12-29,202624,344,4103,16.97,21.8,7,28.2,18.5,31.3,23.6,33.2,20.5,25.4,14.4,33.3,18.4,32.9,13.6,29.44285714,16.57142857,363,12,3,0
2022-12-30,203629,523,4127,15.03,23.7,10,28.5,16.2,31.9,23.5,32,20.1,25.3,14.3,33.5,18.2,32.9,13.4,29.68571429,16.52857143,364,12,4,0
2022-12-31,205031,1000,4081,6.72,22.8,10.2,28.4,16.5,31.5,23,31.5,19.9,24.5,14.8,31.5,18,32.5,13.2,28.95714286,16.51428571,365,12,5,1
2023-01-01,195090,0,3872,5.28,19.7,5.5,29,15.9,31.1,22.4,32.4,20.4,,,,,,,28.05,16.05,1,1,6,1
2023-01-02,201159,2430,4010,24.75,21.1,7.6,29.1,16.1,30.8,22.6,31.7,20.4,25.2,16.3,29.5,15.8,32.1,10.9,28.5,15.67142857,2,1,0,0
2023-01-03,205253,1455,4121,31.01,17.3,8.5,28,16.3,30.8,22.9,30.2,20,24.7,15.1,32.4,16.6,32.1,12.5,27.92857143,15.98571429,3,1,1,0
2023-01-04,203708,2406,4130,32.17,16.1,4.4,26.8,16.8,30,22.9,29.3,20,21.8,14.1,31,16.4,30.8,13.8,26.54285714,15.48571429,4,1,2,0
2023-01-05,205676,5257,4158,44.87,16.5,3,26.3,16.8,30,25.1,28.8,19.9,21.6,12.7,30.2,18.4,29.7,14.8,26.15714286,15.81428571,5,1,3,0
2023-01-06,203593,9090,4158,85.63,16.5,4,25,16.2,30.4,25.5,27.4,20.5,21.9,10.9,32,20.4,29.6,15.4,26.11428571,16.12857143,6,1,4,0
2023-01-07,203656,3718,4154,36.71,16.6,2.2,26.4,16.3,29.8,23.9,26.2,18.6,22.7,12,33.5,22,29.2,16.3,26.34285714,15.9,7,1,5,1
2023-01-08,201494,957,4043,10.22,16.7,1.9,26.2,17,29.6,22.7,28.7,12.8,22.1,12.2,32.8,21.2,27.4,13.4,26.21428571,14.45714286,8,1,6,1
2023-01-09,205154,4086,4120,47.6,18.2,3.8,26.4,14.5,28.1,19.5,28.3,11.3,23.1,13.2,32.8,19.4,28.6,8.6,26.5,12.9,9,1,0,0
2023-01-10,205291,4504,4177,54.12,18.6,6.4,28,14.3,28.9,21.2,29.7,12,25.8,13,32.1,17,29.1,7.4,27.45714286,13.04285714,10,1,1,0
2023-01-11,206839,2559,4193,37.01,18.7,5.9,28,13,29.9,20.4,30.6,13.7,26.7,13.7,33.5,17,30.1,8.1,28.21428571,13.11428571,11,1,2,0
2023-01-12,205996,2715,4189,36.07,20.2,7.8,29,14.2,29.2,20.2,30.9,14.9,25.3,12.4,31.2,16.3,32.1,8.3,28.27142857,13.44285714,12,1,3,0
2023-01-13,204646,1795,4162,48.41,21.6,9.8,30.1,13.4,30.1,20.3,31.1,16,25.7,14.5,29.1,17.4,31.5,9.2,28.45714286,14.37142857,13,1,4,0
2023-01-14,202900,359,4009,10.25,21.5,10.2,29.6,14.5,29.6,20.1,31.3,17.6,27.5,19.7,27.5,15.2,31.1,9.9,28.3,15.31428571,14,1,5,1
2023-01-15,198013,100,3871,6.5,18.4,4.7,29.8,12.8,30,19.7,31.8,17,26.9,19.4,26.2,13.8,31.1,10.7,27.74285714,14.01428571,15,1,6,1
2023-01-16,203038,519,4019,10.91,17.8,1.4,30.9,13.4,29.2,19.6,31.2,17.1,26.2,16.2,27.4,15,31.4,10.8,27.72857143,13.35714286,16,1,0,0
2023-01-17,206611,545,4118,12.35,18.7,2.4,30.3,14.7,29.2,20.4,32.1,16.2,23.6,15.7,27.6,15.2,32,10.2,27.64285714,13.54285714,17,1,1,0
2023-01-18,210618,1589,4176,11.98,19.7,2.6,30,14.7,29.8,21.2,31.4,17,23.3,16.7,28.8,15.5,32.4,10.5,27.91428571,14.02857143,18,1,2,0
2023-01-19,207686,515,4180,19.94,19.6,5.2,29.5,14.5,29.5,21,30.4,17.6,23.1,16.1,32.5,16.2,31.6,10.7,28.02857143,14.47142857,19,1,3,0
2023-01-20,208067,1856,4185,25.31,22.6,10,29.5,14,30,22.5,29.7,17.2,23.3,13.3,29.8,17.2,32.1,12,28.14285714,15.17142857,20,1,4,0
2023-01-21,204625,988,4145,11.8,23.1,6.2,26.6,16.6,30.1,23,29.4,18.2,24.4,14,29.7,17.6,31.9,12.9,27.88571429,15.5,21,1,5,1
2023-01-22,201944,338,4005,2.46,23.3,8.2,26.4,15.2,30.2,22.5,29.7,16.6,26.4,16.1,28.8,17,30.5,11.5,27.9,15.3,22,1,6,1
2023-01-23,203600,302,4096,3.86,24,7.6,27.5,16.2,29.3,24.4,29.4,18,27.5,16.9,30,15.6,31.1,11.7,28.4,15.77142857,23,1,0,0
2023-01-24,201226,609,4082,5.53,25.9,9.4,24.2,18.5,29.6,22.9,27.9,18.6,28.7,18.7,26.5,14.8,31.2,12.3,27.71428571,16.45714286,24,1,1,0
2023-01-25,201671,730,4067,3.84,21.6,10.6,26.6,16.3,30.1,21.4,30,19.2,28.9,18.5,26,15.6,30.8,13.5,27.71428571,16.44285714,25,1,2,0
2023-01-26,189461,0,3839,1.7,19.3,12,29.2,15.5,30.1,21.2,29.7,18.3,29.2,18.2,26,16.2,30.4,16,27.7,16.77142857,26,1,3,0
2023-01-27,202840,242,3998,2.31,17.3,5.8,29.6,16.4,30.1,21.7,30.2,16.7,30.8,18.7,28.8,17.6,31.8,15.4,28.37142857,16.04285714,27,1,4,0
2023-01-28,204140,1377,4057,4.92,21.2,6.1,29.6,14.7,30.1,21.5,29.9,15.7,28.9,19.2,34.4,19.8,31.4,11.3,29.35714286,15.47142857,28,1,5,1
2023-01-29,191687,0,3886,2.32,23.8,6.4,29.4,14.4,30.3,23,30.6,16.9,27.5,17.2,34.5,20.6,31.1,12.2,29.6,15.81428571,29,1,6,1
2023-01-30,193340,737,3905,8.68,17.2,10.2,29.7,18,30,25,29.8,20.3,27.7,15.8,30,20,31.6,14.9,28,17.74285714,30,1,0,0
2023-01-31,198168,831,4037,3.67,18.9,9.9,27.7,18.6,30.1,25.2,28.2,20.1,27.6,18.5,29.7,19.8,30.7,14.4,27.55714286,18.07142857,31,1,1,0
2023-02-01,199487,1025,4034,5.46,20.2,8.6,28.8,15.4,30.4,24.5,30.4,20,27,19.9,33.2,21.2,30.6,14.8,28.65714286,17.77142857,32,2,2,0
2023-02-02,200685,654,4070,4.47,21.6,8.3,29,17.8,30.6,23.8,29.9,17.8,27.4,16.5,34,24.8,28.5,13.9,28.71428571,17.55714286,33,2,3,0
2023-02-03,202759,865,4108,5.54,24.3,9.5,29,17.4,29.1,26.4,30.2,14.9,25.7,15.2,34.8,20.4,30.1,11.5,29.02857143,16.47142857,34,2,4,0
2023-02-04,202995,1634,4077,13.21,24.7,9,26,18.4,30.4,24,31.8,16.1,25.6,14.7,33.5,19,30.4,10.3,28.91428571,15.92857143,35,2,5,1
2023-02-05,198590,292,3971,2.94,25.3,10.5,31,17.5,30.9,21.7,32.4,16.6,27.2,15,33.1,18.9,32.3,10.9,30.31428571,15.87142857,36,2,6,1
2023-02-06,202165,373,4110,3.99,25.7,9.2,32.2,17.2,30.5,21.9,32.7,17.3,28.2,15.9,33.6,18,33.1,11.5,30.85714286,15.85714286,37,2,0,0
2023-02-07,203936,1322,4164,4.6,29,11.6,31.1,17.5,30.3,22.2,32.6,19.5,30.6,19.2,31.8,18.6,34.1,11.5,31.35714286,17.15714286,38,2,1,0
2023-02-08,204615,1246,4221,9.23,25.4,9.7,31.5,18.1,30,21.4,33,20.1,29.9,20.7,32.5,18.8,33.1,12.4,30.77142857,17.31428571,39,2,2,0
2023-02-09,206007,701,4229,7.67,24.5,8.6,31.1,17.5,30.6,21.9,33.9,19,30.1,20.1,33.6,19.4,33.5,11.7,31.04285714,16.88571429,40,2,3,0
2023-02-10,206023,1110,4205,5.07,29.4,12.2,31.3,17,30.3,21.1,34.2,16.9,28.7,16.8,36.4,18.6,34.2,11.4,32.07142857,16.28571429,41,2,4,0
2023-02-11,204954,3484,4195,20.19,29.7,14,31,15.7,32.1,21.2,34.4,16.8,29.2,19.2,33.8,18,35,11.5,32.17142857,16.62857143,42,2,5,1
2023-02-12,200554,97,4069,3.05,27.7,9.8,31.9,15.9,31.3,21.4,35.4,17.9,31.7,21.8,34.4,16.6,35.7,10.7,32.58571429,16.3,43,2,6,1
2023-02-13,204992,2017,4162,13.31,23.8,8.7,33,16.2,32.5,20,35.6,17,31.2,17,36.3,19,34.1,10.6,32.35714286,15.5,44,2,0,0
2023-02-14,203727,5176,4214,50.59,23.2,8.6,32.5,15.8,31.6,20.3,32.8,15.1,29.1,15.5,37.3,19,32.3,9.3,31.25714286,14.8,45,2,1,0
2023-02-15,206015,4728,4256,37.26,25.9,10.9,31.7,15.8,30.8,21.3,32.8,16,27.4,15.3,35.5,18.4,32.3,8.4,30.91428571,15.15714286,46,2,2,0
2023-02-16,206132,3199,4267,28.12,27.7,10.5,32.5,14.2,31.8,21.7,34.2,17,28.6,16.3,34,18.2,34.1,9.4,31.84285714,15.32857143,47,2,3,0
2023-02-17,209665,2728,4316,33.84,28.7,12.8,32,16.6,30.2,21.4,34.2,17.1,29.1,18.7,37.5,19.2,34.3,10.8,32.28571429,16.65714286,48,2,4,0
2023-02-18,207695,1652,4263,27.24,29.8,11.7,31.1,17,31,21,33.6,17.4,28.2,21.5,35.8,19.4,34.7,9.9,32.02857143,16.84285714,49,2,5,1
2023-02-19,199139,322,4138,3.62,29.6,11.4,31.6,17.2,31.2,23.2,33.5,19.6,27.8,20.7,37.9,19,34.5,9.4,32.3,17.21428571,50,2,6,1
2023-02-20,205523,760,4281,9.65,31.5,13.1,31.6,18,32.2,21.8,32,18.8,29.4,21.5,36.5,20.6,33.7,10.5,32.41428571,17.75714286,51,2,0,0
2023-02-21,206587,2680,4318,37.74,33.6,15.8,31.2,16.8,32.3,21.8,33.7,18.8,31.4,23.4,33.1,19.4,35.2,12.2,32.92857143,18.31428571,52,2,1,0
2023-02-22,207215,2304,4330,26.52,31.4,14.6,32.3,19,33.3,22.1,35.8,18.9,31.1,23,34.7,19.6,36.7,12,33.61428571,18.45714286,53,2,2,0
2023-02-23,207480,2100,4325,12.7,29.3,11.5,32.3,16.2,32.2,21.6,35.9,19,34.2,22.8,31.7,18.4,35.7,12.5,33.04285714,17.42857143,54,2,3,0
2023-02-24,207270,2598,4348,34.11,29.3,10.9,31.6,16.5,32.1,22.4,35.4,18.9,32.5,24,34.7,19.6,35.1,12,32.95714286,17.75714286,55,2,4,0
2023-02-25,207098,2624,4330,36.34,29.8,10.4,32.6,15.6,31.9,21,35,18.9,31.4,23.6,36,20.4,35.2,12.5,33.12857143,17.48571429,56,2,5,1
2023-02-26,199357,283,4198,7.75,30.8,12.9,33.2,17.8,31.9,21.2,35.6,18.3,31.5,22.1,35.5,19.6,35.1,12.1,33.37142857,17.71428571,57,2,6,1
2023-02-27,207836,2794,4311,27.04,32.3,14.1,31.3,16.2,31.4,21.6,34.1,19.4,31.9,22.9,35.2,20,35.3,12.4,33.07142857,18.08571429,58,2,0,0
2023-02-28,206503,1470,4333,24.32,32.3,13.5,30.6,16,34.1,22.9,33.9,20.4,31,23.7,34.8,19.2,35.4,12.8,33.15714286,18.35714286,59,2,1,0
2023-03-01,205244,943,4325,10.8,32.1,17.4,30.5,19.8,32,25,33.2,19.1,31.9,23.3,34.2,19.5,34.7,12.5,32.65714286,19.51428571,60,3,2,0
2023-03-02,208238,3321,4370,17.05,31.2,14.1,30.9,17.8,32,22,32.6,19.7,32.5,23.5,33.5,21.4,34.6,14.3,32.47142857,18.97142857,61,3,3,0
2023-03-03,209017,1808,4393,18.9,31.5,16.2,30.7,15.4,32.6,22.7,32.9,19.3,33,22,35.5,22.4,34.1,14.4,32.9,18.91428571,62,3,4,0
2023-03-04,208653,216,4381,10.22,32.2,16.3,31.4,16.5,32,23,34.2,20.1,34.2,22,35.5,22.6,34.1,16.3,33.37142857,19.54285714,63,3,5,1
2023-03-05,198014,211,4218,3.99,29.7,16.3,32.4,18.8,32.7,23.3,34,19.5,33.8,21.3,37,23.8,35.2,15.9,33.54285714,19.84285714,64,3,6,1
2023-03-06,207391,256,4270,9.3,31,15,32.2,17.3,32.4,23.1,34.6,19.5,33.9,22.2,38.1,25.4,35.2,15.8,33.91428571,19.75714286,65,3,0,0
2023-03-07,191169,236,4051,3.38,30.5,14.3,32.4,16.4,32.1,22.7,34.7,20.7,33.8,22.2,39.3,24.5,33.3,17.4,33.72857143,19.74285714,66,3,1,0
2023-03-08,183185,18,3871,0.62,31.3,15.4,31.8,19.1,32.1,23.8,30.7,18.5,34.3,22.4,35.8,21.4,30.1,13.2,32.3,19.11428571,67,3,2,0
2023-03-09,192744,409,4005,2.31,30.7,16.7,30.6,18.2,32.5,23.5,33.9,19.8,33,22,35.9,21.6,33.2,16.8,32.82857143,19.8,68,3,3,0
2023-03-10,201180,414,4225,4.02,31,15.1,29.6,17.4,31.6,23.6,33,19.8,32.2,23.6,37.9,21.8,33.3,15.8,32.65714286,19.58571429,69,3,4,0
2023-03-11,199015,608,4271,3.88,30.5,14.9,30.5,17,31.5,23.4,34.2,21,32.3,23,37.5,23,33.8,14.7,32.9,19.57142857,70,3,5,1
2023-03-12,194916,401,4176,2.96,32.3,15.2,31.8,17.4,32.5,24,32.7,21.6,32.1,21.8,38.5,24.1,35.2,16.7,33.58571429,20.11428571,71,3,6,1
2023-03-13,206812,776,4341,8.51,34.1,17.1,32.5,19.2,33.1,24,33.8,19.1,33.8,23,39.4,24.6,34.7,16.3,34.48571429,20.47142857,72,3,0,0
2023-03-14,207202,712,4381,9.36,33.4,17.5,32.9,19.1,33.1,24,34.6,19.1,34.5,24.4,37.4,25.5,34.7,16.8,34.37142857,20.91428571,73,3,1,0
2023-03-15,205608,272,4355,11.3,33.3,16.3,33.6,19.8,32.2,24.6,34.7,20,33.3,25,36.8,24.4,34.9,19.4,34.11428571,21.35714286,74,3,2,0
2023-03-16,199643,165,4209,5.57,34.3,20,33.6,21.7,33.1,26.4,33.6,21.6,32.8,25.6,36,26.2,34.3,18.6,33.95714286,22.87142857,75,3,3,0
2023-03-17,186782,523,3980,3.88,33.9,17.2,33,20,33.1,26.5,30.7,19.9,31.9,20.7,34,23,31.5,15.2,32.58571429,20.35714286,76,3,4,0
2023-03-18,181720,0,3794,2.71,30.4,18.2,31.6,20,32,,26.3,20.2,26.4,23,33,23,31.4,15.8,30.15714286,20.03333333,77,3,5,1
2023-03-19,163002,353,3514,2.24,25.3,15.4,31.4,21,31.1,23.8,29.9,18,29.4,21.6,31.6,22.8,31.4,15,30.01428571,19.65714286,78,3,6,1
2023-03-20,174631,207,3709,1.55,28,17.4,32.6,21,31.9,23.4,29.2,20.8,26.5,20.6,31.1,22.2,31.8,16.4,30.15714286,20.25714286,79,3,0,0
2023-03-21,178957,1048,3836,2.47,27.1,14.1,32.3,20,32,24,32.2,20.1,26.8,21.4,31.8,21.2,31.2,17.1,30.48571429,19.7,80,3,1,0
2023-03-22,183660,241,3915,1.7,25.8,14.1,32.9,20.1,33,26.6,32.7,20,31.8,20.6,31.6,22,29.8,14.9,31.08571429,19.75714286,81,3,2,0
2023-03-23,188338,423,4012,3.9,28.7,14.8,33.8,22,33.6,28,34.4,21.5,30.4,23.3,31.6,22.8,31.1,16.3,31.94285714,21.24285714,82,3,3,0
2023-03-24,188337,35,4080,1.16,30.5,17.6,34.5,22.8,32.5,25.8,34.6,22.7,31.4,23.6,31.7,22.4,32.2,14.7,32.48571429,21.37142857,83,3,4,0
2023-03-25,187600,1644,4077,5.97,30.2,15.3,34.5,22.8,33.8,27.5,34.4,23.6,33.2,26,31.8,20.5,33.5,15.3,33.05714286,21.57142857,84,3,5,1
2023-03-26,180875,710,3935,5.14,30.4,15.8,32.6,23.4,33.1,27.1,34.2,23.2,33.7,26,30.7,19.4,33.8,13.6,32.64285714,21.21428571,85,3,6,1
2023-03-27,188914,1859,4112,6.62,31,16.7,33.4,22.1,33.2,27.5,34.6,23.7,34.3,25.2,30.5,21.2,34.6,13.6,33.08571429,21.42857143,86,3,0,0
2023-03-28,193964,1527,4226,8.55,29.3,15.3,34.5,21.8,34,27.5,36,24,31.6,24.7,31,22.3,34.8,14.3,33.02857143,21.41428571,87,3,1,0
2023-03-29,194582,416,4269,6.58,31.6,16.2,35.5,23.4,33.4,26.8,36.8,23.6,34.2,27,32,22,34.2,15.6,33.95714286,22.08571429,88,3,2,0
2023-03-30,195437,832,4187,6.96,33.6,17.8,34,23.1,33.1,26.5,37,24.7,34.1,26.1,30.8,23,35.7,14.7,34.04285714,22.27142857,89,3,3,0
2023-03-31,188213,39,4033,0.67,33.4,16.8,33.8,22.4,33.1,25.4,37.4,25,33.4,22.7,31.3,24.5,32.9,19.9,33.61428571,22.38571429,90,3,4,0
2023-04-01,180284,23,3935,3.25,28.5,15.7,35,23.5,33.8,27.3,36.2,23.6,29.1,21.4,31.8,22,32.8,15.5,32.45714286,21.28571429,91,4,5,1
2023-04-02,174691,150,3874,3.3,28.4,14.9,34.1,23.3,34,28.3,35.7,23.5,27.3,22,31.6,22.1,34.3,15.8,32.2,21.41428571,92,4,6,1
2023-04-03,187729,836,4097,5.97,30.3,16.8,34.5,22.5,33.8,28.5,35.9,25.3,32.3,24.2,31.1,22.6,35.1,16.4,33.28571429,22.32857143,93,4,0,0
2023-04-04,189684,298,4181,5.44,32.2,16.3,34,22.4,34.8,28.2,36.9,25,34.4,26.3,31.2,22.4,35.2,18.2,34.1,22.68571429,94,4,1,0
2023-04-05,189003,235,4205,3.88,31.3,15.9,31.2,21.7,34.2,27.8,37.6,24.7,34.2,26.8,32.1,23,36.6,18.2,33.88571429,22.58571429,95,4,2,0
2023-04-06,192061,244,4232,6.87,32.4,17.2,34.8,22.7,34.1,27.5,36.2,24.2,34.8,26.2,32,22.8,36.8,17.5,34.44285714,22.58571429,96,4,3,0
2023-04-07,193282,353,4222,6.8,33.5,17,33.9,22.2,34.6,26.6,35.5,23.2,36.5,27.7,34.2,24.6,37.2,19.9,35.05714286,23.02857143,97,4,4,0
2023-04-08,189327,451,4241,6.28,34,14.1,33,21.5,34.1,25.8,33.7,23.3,36.5,26.9,35.5,26,36,21.1,34.68571429,22.67142857,98,4,5,1
2023-04-09,182654,376,4151,7.51,34.1,15.4,33.6,20.5,33.4,25.8,34.3,22.9,36.4,27,36.5,25.5,34.9,19.7,34.74285714,22.4,99,4,6,1
2023-04-10,194537,797,4348,15.33,34.8,15.7,34.5,21,33.9,25.7,35.7,22,37,27.5,36.4,25.8,36.9,19.3,35.6,22.42857143,100,4,0,0
2023-04-11,197928,492,4452,12.44,34.9,16.6,34.3,20.7,33.9,25,36,22.5,37.4,28.6,36.7,26.6,37.1,19.9,35.75714286,22.84285714,101,4,1,0
2023-04-12,200574,814,4555,7.28,36.8,22.1,35.7,21.4,34.1,24.7,37.7,23.9,38.6,27.7,36.2,25.8,38.6,20.2,36.81428571,23.68571429,102,4,2,0
2023-04-13,203546,2249,4592,13.66,36.7,19.3,35.6,20,35.1,25.3,38.2,26.4,38.6,26.8,36.5,22.2,38.8,21.2,37.07142857,23.02857143,103,4,3,0
2023-04-14,206183,2062,4594,24.85,38.6,20.4,36.4,21.7,35.5,25.5,38.9,20.3,40,28,34.9,24.8,37.9,18.3,37.45714286,22.71428571,104,4,4,0
2023-04-15,202601,1933,4561,22.94,39.4,20,36,22.3,36.7,25.7,36.5,22,41,29.6,35.4,25,36.9,21.1,37.41428571,23.67142857,105,4,5,1
2023-04-16,194976,1314,4480,17.62,40.5,22,35.1,19.7,35.7,26.8,36.4,24.6,39.2,29.6,34.6,25,37.6,18.2,37.01428571,23.7,106,4,6,1
2023-04-17,210829,1592,4721,22.53,40.4,21.9,36,20.8,36,26.6,37.8,24.2,39.8,29.1,34.1,25.4,36.1,19.2,37.17142857,23.88571429,107,4,0,0
2023-04-18,215882,2021,4836,29.15,40.6,22.5,35.4,21,36.2,26.3,38.7,22.4,40,29.3,33.8,23.7,38.2,19.7,37.55714286,23.55714286,108,4,1,0
2023-04-19,214924,1418,4792,18.94,40.4,23.6,36.5,22.2,34.2,27.1,39.4,25,38.6,29.3,37.1,25.6,39.2,20.4,37.91428571,24.74285714,109,4,2,0
2023-04-20,211804,55,4753,6.01,38.2,23.4,36.1,23.6,36.1,28.2,39.4,27,40.6,29.1,38.8,26.6,40,21.1,38.45714286,25.57142857,110,4,3,0
2023-04-21,204777,57,4578,1.64,36.3,21.6,36,23.4,38.1,,38,25.1,40.7,29.6,37.3,24.6,38.4,17.6,37.82857143,23.65,111,4,4,0
2023-04-22,198272,884,4396,4.01,36.7,20.6,35.2,22.3,37.1,28.9,35.3,23.8,38,26.5,32.5,25.6,36.7,16.7,35.92857143,23.48571429,112,4,5,1
2023-04-23,184407,34,4084,1.45,36.8,23.2,34.8,23.5,35.4,28.9,37,24,37,24,31.9,24,35.1,18.2,35.42857143,23.68571429,113,4,6,1
2023-04-24,191917,144,4247,2.53,31.3,19,35,22.5,35.2,27.6,37.2,23.2,33.8,25.6,32,24,36.1,18.9,34.37142857,22.97142857,114,4,0,0
2023-04-25,194367,294,4335,2.68,34.5,20.4,34,23,35.7,29.2,36,24.9,32.1,23.2,32.7,26,37.4,17.6,34.62857143,23.47142857,115,4,1,0
2023-04-26,195821,59,4378,3.61,34.9,18.4,33.3,23.7,34.7,27.3,,,33.7,26.3,33,27,38.3,22.2,34.65,24.15,116,4,2,0
2023-04-27,196240,98,4361,2.87,36.8,20.7,33,23.2,35.1,27.4,33.5,22.4,35.3,27.4,33.3,25.2,36.7,21.2,34.81428571,23.92857143,117,4,3,0
2023-04-28,197000,547,4343,3.44,38.4,22.9,33.5,22,34.6,28,32.7,26,37.2,22.7,33.2,25.6,35.6,21.4,35.02857143,24.08571429,118,4,4,0
2023-04-29,188802,361,4205,4.18,34.9,22.2,34.5,22.2,35.2,28.5,32.8,21,34.2,27.2,32.4,25,35.2,22,34.17142857,24.01428571,119,4,5,1
2023-04-30,173339,475,3824,6.21,33.1,22.8,31.1,23,34.9,28.1,31.9,21.6,36.9,26,33.4,25.6,34.8,19,33.72857143,23.72857143,120,4,6,1
2023-05-01,159720,53,3605,2.03,28.7,19.6,32,21.5,35.4,27.2,32.2,19.6,35.3,23.4,32.2,25.2,34.4,19.2,32.88571429,22.24285714,121,5,0,0
2023-05-02,173208,297,3707,3.72,26.1,19.3,31,21,33,25,30.4,22.8,30.8,23.3,32.4,25.3,34.4,18.9,31.15714286,22.22857143,122,5,1,0
2023-05-03,172050,256,3804,3.99,28.3,20.2,30.4,21.4,31.9,26,30.8,22.6,34.8,27.6,32.8,25.6,33.4,19.7,31.77142857,23.3,123,5,2,0
2023-05-04,178915,566,3851,4.05,30.6,15.8,29,21.2,31.1,26.2,32.4,22.8,34,26.1,32.7,25.4,33.9,19.4,31.95714286,22.41428571,124,5,3,0
2023-05-05,184356,663,4003,5.1,32.1,19.5,30.6,20.8,34.1,,32.7,24.1,32.3,24.2,32.4,26,34.3,21.3,32.64285714,22.65,125,5,4,0
2023-05-06,185602,801,4109,5.72,34,21,28.4,22.4,34.1,26.9,33.3,23.7,34.5,27.1,32.7,26,35.5,21.8,33.21428571,24.12857143,126,5,5,1
2023-05-07,180377,606,3998,3.44,35.1,21.4,29.3,21.1,34.6,27.2,34,24.5,36,28.2,32.9,27.4,35.3,23,33.88571429,24.68571429,127,5,6,1
2023-05-09,196276,2348,4376,14.62,37.3,20.7,29.8,20.5,35.1,27.2,36.3,27,38.5,29.5,33.4,27.4,36.8,24.2,35.31428571,25.21428571,129,5,1,0
2023-05-10,198388,512,4406,10.03,37.2,20.9,32.5,22.3,35.3,28.6,36.7,27.8,38.9,29.1,33.9,27.2,36.5,24.8,35.85714286,25.81428571,130,5,2,0
2023-05-11,202891,496,4508,6.01,36.7,19.9,33.4,23.6,36.8,28,36.6,26.8,38.7,29.2,33.9,28,40.1,22.7,36.6,25.45714286,131,5,3,0
2023-05-12,207191,469,4581,6.6,38.6,19.3,33.4,20.9,35.3,28.8,36.8,24.5,38.1,28.7,36.9,27,41,23.9,37.15714286,24.72857143,132,5,4,0
2023-05-13,208181,600,4619,4.3,42.5,22,32.4,22.6,37.9,29.6,38.7,25,35.6,28.8,35.2,28.5,40.8,25.1,37.58571429,25.94285714,133,5,5,1
2023-05-14,199382,13,4433,2.91,41.8,25.9,31,22.3,38.1,30.8,39.7,26.4,33.9,27.3,34.5,27.6,37.8,23.2,36.68571429,26.21428571,134,5,6,1
2023-05-15,212421,413,4596,3.74,40.9,25.2,32.8,23,40.7,30,39.7,28.7,35.7,26.1,33.7,28,37.5,24.1,37.28571429,26.44285714,135,5,0,0
2023-05-16,215113,314,4669,15.23,41.3,27.4,33,23,40.8,30.2,39.8,26.5,36.7,22.1,34.3,28.6,36.5,23.1,37.48571429,25.84285714,136,5,1,0
2023-05-17,221076,1777,4777,25.23,39.9,25.4,35,23.6,41.8,31,39.1,27.2,34.4,29.1,34.4,27,36.2,21.3,37.25714286,26.37142857,137,5,2,0
2023-05-18,213893,2838,4585,21.84,41.1,21.9,35.5,25.1,37.1,29.3,39.5,26.5,35.4,27.1,33.6,26.6,38.5,23.4,37.24285714,25.7,138,5,3,0
2023-05-19,218030,652,4753,12.9,36.5,24.4,35.5,23.5,36.1,29.2,40.5,26.5,33.3,23,34.2,26.4,39.5,22.6,36.51428571,25.08571429,139,5,4,0
2023-05-20,217155,448,4788,5.26,38.2,23.2,35.4,23.4,37.1,28.9,40.6,27.4,36.1,26.6,34.1,26.8,39.7,23.1,37.31428571,25.62857143,140,5,5,1
2023-05-21,207935,245,4602,4.67,40.4,24,34.4,21.2,36.4,28.8,39.7,26.9,35.4,29,33.6,26.7,38.5,22.8,36.91428571,25.62857143,141,5,6,1
2023-05-22,220974,766,4735,15.87,42.9,27.3,33.4,21,35.6,29.1,40.3,21.6,35.2,27,33.4,27,38.8,22.3,37.08571429,25.04285714,142,5,0,0
2023-05-23,221347,211,4799,8.56,43.7,29.8,32.2,22,35.6,28.6,37.2,25,36,29.3,33.7,27,38.1,22.8,36.64285714,26.35714286,143,5,1,0
2023-05-24,210952,90,4589,3.59,43.5,25.4,33.2,20.2,37.1,29.1,37.4,26.2,37.6,24.5,34.2,27.8,40.1,23.7,37.58571429,25.27142857,144,5,2,0
2023-05-25,204585,83,4448,6.38,34.7,22.6,32,21.5,38.5,29.7,39,28,33.9,26.9,34.1,28,37.6,24,35.68571429,25.81428571,145,5,3,0
2023-05-26,196387,171,4294,1.92,36.9,20.5,32.1,22,39.4,29.8,37.2,27.9,36.2,22.5,33.9,26.8,36.2,24.4,35.98571429,24.84285714,146,5,4,0
2023-05-27,194797,679,4296,6.5,34.9,19.3,31.9,21.8,40.5,29,38,28.4,33.4,22.8,34.1,28.2,35.9,22.7,35.52857143,24.6,147,5,5,1
2023-05-28,190900,455,4218,11.66,33.2,20.6,32.5,23.1,40.3,29.1,39.1,26.6,33.7,27.6,34.2,27.6,35.6,23.3,35.51428571,25.41428571,148,5,6,1
2023-05-29,201431,2341,4357,22.89,35.7,21.8,33.6,23,39.5,29.4,39.4,28.5,34.9,27.1,34.4,28.2,37.2,23.3,36.38571429,25.9,149,5,0,0
2023-05-30,196231,480,4382,14.24,35,20.7,33.3,23.4,37.8,29.5,39.6,25.6,36.9,29.6,34.4,27.6,39.1,21.9,36.58571429,25.47142857,150,5,1,0
2023-05-31,201708,238,4441,8.71,35.9,20.5,31.3,19.6,36.1,27.6,33.6,25.4,37.4,29.7,34.6,27.8,39.1,22.5,35.42857143,24.72857143,151,5,2,0
2023-06-01,199477,685,4458,9.05,31.8,20.6,31.3,21.3,37.8,29.9,38.9,25.5,37.4,28.9,35.3,26.8,39.6,22.3,36.01428571,25.04285714,152,6,3,0
2023-06-02,206375,1153,4560,16.64,32.7,20.8,31.4,22.6,40.1,30,40.6,28.4,38.6,30.8,34.3,27,40.1,22.7,36.82857143,26.04285714,153,6,4,0
2023-06-03,211608,532,4663,10.96,34.9,22.7,32.4,23,41.9,30.1,40.8,30,39.6,29.9,34.5,28.9,36.5,23.8,37.22857143,26.91428571,154,6,5,1
2023-06-04,199064,37,4335,3.86,36,23.8,33.4,23,42.1,30.4,42.4,28.5,38.7,29.9,34.5,29.5,37.1,24.4,37.74285714,27.07142857,155,6,6,1
2023-06-05,213982,372,4622,6.67,33.7,24.7,30.6,22.5,39.6,30.4,38.1,24.5,37.2,29.9,34.7,28.6,35.1,22.4,35.57142857,26.14285714,156,6,0,0
2023-06-06,217259,181,4715,7.72,37.8,23,31.6,22,40.1,28.6,37.6,27.1,38.8,29.9,34.7,29,34.7,23.3,36.47142857,26.12857143,157,6,1,0
2023-06-07,217843,702,4757,7.13,38.5,25.2,32.2,22.3,42.3,27.8,39.6,28.7,37.8,30.6,34.7,28.8,36.1,23.8,37.31428571,26.74285714,158,6,2,0
2023-06-08,222920,548,4860,10.04,38.4,23.9,32,22.4,37.9,28.4,40,27,38.7,31.2,34.6,28.6,37.4,23.6,37,26.44285714,159,6,3,0
2023-06-09,223235,189,4913,10.65,39.9,27.3,32.5,22.1,40.1,30.2,39.7,27,36.1,29.9,35.7,29.2,37.6,23.8,37.37142857,27.07142857,160,6,4,0
2023-06-10,219301,603,4848,8.57,40.5,26.7,32.3,21.1,41.1,30.1,39.7,27,36.4,23.6,36.7,29.6,37.4,24.9,37.72857143,26.14285714,161,6,5,1
2023-06-11,206667,158,4614,3.04,41.8,25.2,31,21.2,41,30,39.2,26.7,32.4,28,38.5,29.2,35.8,24.7,37.1,26.42857143,162,6,6,1
2023-06-12,218673,385,4817,7.52,38.5,28.8,30.8,21.7,40.2,26.4,37.8,26.5,37,27.7,38.3,24.5,35.9,24.9,36.92857143,25.78571429,163,6,0,0
2023-06-13,215352,412,4914,5.96,41.2,29.8,32.6,21.4,39.9,29.4,38.8,26.8,36.2,25.7,36.8,27.9,36.4,25.8,37.41428571,26.68571429,164,6,1,0
2023-06-14,214583,599,4852,10.9,41.8,29.7,31.5,21.6,40.6,29.4,39.4,27,37.7,29.6,35.6,26.8,33.6,25.4,37.17142857,27.07142857,165,6,2,0
2023-06-15,210901,1457,4790,19.21,40.9,26.9,32,21.9,40.7,30.8,39.1,26.9,38.1,30.7,35.3,29.4,32.5,25.4,36.94285714,27.42857143,166,6,3,0
2023-06-16,211962,463,4843,19.62,37.7,27.9,31.5,21.8,40.1,30.7,38.6,27.2,38.3,31.2,35.6,29,34.2,25.3,36.57142857,27.58571429,167,6,4,0
2023-06-17,211781,67,4850,14.68,38.6,27.6,32.1,22,41.1,31.5,39.4,27,38.2,29.2,35,26.8,33.8,24.7,36.88571429,26.97142857,168,6,5,1
2023-06-18,204565,12,4607,3.78,39.2,28.6,31.5,22.6,38,29.9,39,28,35.4,30,34,28.6,33.6,24.8,35.81428571,27.5,169,6,6,1
2023-06-19,213661,181,4722,3.14,38.6,25.5,28.4,21.7,32,24.8,39.2,28.6,32.9,26.6,33.6,28.6,34.1,23.9,34.11428571,25.67142857,170,6,0,0
2023-06-20,214640,89,4790,5.36,34.5,27,28.2,22.2,27.3,24.5,37.8,28.9,31.8,27,33.9,28.4,34.7,23.7,32.6,25.95714286,171,6,1,0
2023-06-21,217678,96,4835,2.51,38.1,27.4,24.8,20.8,32.1,25.7,38.8,27.7,34.9,29.7,34,28.4,35.1,24.4,33.97142857,26.3,172,6,2,0
2023-06-22,215225,335,4866,6.46,37.6,27.6,28.3,21,32,27.2,38.9,23.6,35.1,29.1,34.3,28.6,34.9,24.2,34.44285714,25.9,173,6,3,0
2023-06-23,215938,200,4889,4.33,37.5,27.4,30.7,21.2,35.7,26.4,36,26.1,33,28,34.5,28.6,34.9,23.9,34.61428571,25.94285714,174,6,4,0
2023-06-24,209620,209,4756,2.58,37.7,30.4,29.1,21,34.2,25,33.2,22.6,34.2,27.2,34.4,26,34.5,24.8,33.9,25.28571429,175,6,5,1
2023-06-25,198675,13,4272,2.02,37.2,23.1,27,20.9,35.4,27.8,31.8,22.5,31.2,27.6,32.8,23.6,29.5,22.6,32.12857143,24.01428571,176,6,6,1
2023-06-26,193289,64,4320,1.55,29,24.6,29.1,21.1,34.3,28.2,30.8,24.5,31.1,24,29,24.6,27.6,22.3,30.12857143,24.18571429,177,6,0,0
2023-06-27,194244,318,4403,1.87,33.2,24.5,27.6,20.4,35.2,28.2,31.2,24,29.4,25.3,30.8,25,27.6,22.2,30.71428571,24.22857143,178,6,1,0
2023-06-28,194218,50,4393,1.31,34.8,26.4,29.4,20.3,35.6,28.7,31.6,24.3,29.4,25.2,30.4,26,28.2,22.6,31.34285714,24.78571429,179,6,2,0
2023-06-29,190460,20,4356,0.91,36.4,23.8,28.2,20.6,35.7,29.5,32.8,24.3,28.3,25.7,29.3,24.8,28.1,22.4,31.25714286,24.44285714,180,6,3,0
2023-06-30,193125,13,4311,1.61,34.2,24.6,29.3,21,37.9,27.5,32.7,23.9,30.7,26.8,29.7,24.2,28,21.9,31.78571429,24.27142857,181,6,4,0
2023-07-01,196142,123,4400,3.12,34.5,25.4,29.9,21.4,37.3,29.4,34.4,24.6,34.1,27.5,28,24.2,27.1,21.8,32.18571429,24.9,182,7,5,1
2023-07-02,194770,885,4357,6.7,35.4,26,30.8,22,36.9,29.3,35,24.7,33.2,27.5,28.8,27,27.3,22.7,32.48571429,25.6,183,7,6,1
2023-07-03,207982,3153,4599,22.47,35.7,27.8,28.6,21.2,32.1,26.2,34.4,23.8,34.2,29.3,30.7,26.4,28.6,22.7,32.04285714,25.34285714,184,7,0,0
2023-07-04,206300,343,4686,5.81,38.4,29.6,30.1,20.3,32.9,27,34.4,25.2,35.6,29.1,31.4,25.4,30.3,23.3,33.3,25.7,185,7,1,0
2023-07-05,198089,465,4547,3.42,37.7,27.8,27.1,20.2,34.3,27.6,33.7,23,35.4,28.9,29,25.6,29.7,22.9,32.41428571,25.14285714,186,7,2,0
2023-07-06,193038,33,4387,1.94,36.3,26.5,26.6,20.5,34.7,29,31.8,23.3,34.8,27.5,30,22.5,30.8,23.1,32.14285714,24.62857143,187,7,3,0
2023-07-07,193700,20,4404,2,30.6,26.7,26.9,20.6,35.1,29,30.7,23.7,30.8,27.7,28.4,25.4,28.8,22.8,30.18571429,25.12857143,188,7,4,0
2023-07-08,185373,12,4235,2.15,35,25,27.5,20.5,37.1,29.4,31.9,23.7,32.2,26.8,31.1,25.8,29.1,22.7,31.98571429,24.84285714,189,7,5,1
2023-07-09,179616,1114,4034,4.61,28.7,25.4,26.5,20.9,36.3,29.2,31.9,24.1,32.3,28.5,31.2,25.6,28.7,23,30.8,25.24285714,190,7,6,1
2023-07-10,191860,450,4274,5.89,30.8,25.1,27.3,21.2,37.4,25.6,33.1,23.7,34.3,30,31.3,26.2,30.3,23.1,32.07142857,24.98571429,191,7,0,0
2023-07-11,193441,801,4359,7.22,31.4,24.4,28.5,21,34.1,26.3,32.9,24.4,33.1,29.6,31.8,27,29.4,21.9,31.6,24.94285714,192,7,1,0
2023-07-12,200357,1207,4494,7.84,32.5,26.6,27.4,20.3,34.9,26.8,28.9,21.9,33.2,28.1,31.4,27.6,28.9,23,31.02857143,24.9,193,7,2,0
2023-07-13,203212,1652,4574,9.38,33.5,26.2,28.2,20.8,34.2,24.6,28.5,23.8,33.4,28.6,31,27,30.1,23.3,31.27142857,24.9,194,7,3,0
2023-07-14,205712,1624,4616,10.75,34.2,26.8,27.2,20.1,35.1,25.9,31.8,24.4,33.6,29.2,31.5,25,30.4,22.3,31.97142857,24.81428571,195,7,4,0
2023-07-15,203098,563,4596,4.46,34.2,27.1,27.5,20.4,35.1,28.4,33.5,24.7,33.8,27.2,28.8,24.8,27.1,23.2,31.42857143,25.11428571,196,7,5,1
2023-07-16,195668,286,4388,2.77,34.6,25.4,29.1,21.4,37.2,29.2,30.4,23.4,32.6,26.6,31.1,26.4,30.2,21.9,32.17142857,24.9,197,7,6,1
2023-07-17,204718,1192,4595,4.98,35.4,26.4,28.5,21,,,29.9,23.4,31.6,27.5,31.7,25,28.2,22,30.88333333,24.21666667,198,7,0,0
2023-07-18,202935,791,4610,3.06,34.2,27.4,28.1,20.6,36.7,28.8,29.6,22.1,32,27.8,27.7,24.4,25.9,22.3,30.6,24.77142857,199,7,1,0
2023-07-19,201837,1976,4570,11.09,33.4,27.6,28.8,20.8,36.4,29.4,24.7,21.9,33,27.6,27.6,24.8,26.2,21.2,30.01428571,24.75714286,200,7,2,0
2023-07-20,205282,2297,4643,12.05,36.5,27.6,27.3,20.7,36,28.5,24,21.8,32.9,27.6,28,25,26.1,22.3,30.11428571,24.78571429,201,7,3,0
2023-07-21,208825,2476,4702,12.42,38.4,29.5,28.7,21.5,36.4,30,23.8,22.1,33.6,28.5,28,25,28.6,22.4,31.07142857,25.57142857,202,7,4,0
2023-07-22,198788,174,4560,4.54,39.4,29.4,28.4,21.4,36.9,28.9,26.8,22.7,33.2,28.2,27.6,23.8,27.8,22.2,31.44285714,25.22857143,203,7,5,1
2023-07-23,196625,815,4444,4.21,37.6,28.9,26.7,20.7,34.4,25.4,27.5,23.4,30.8,27.5,27.3,24.9,26.7,21.7,30.14285714,24.64285714,204,7,6,1
2023-07-24,205996,1402,4647,10.83,37.5,28.5,26.6,19.9,30.5,27.1,27.8,23.2,33.2,28.1,29.3,25,26.5,22.5,30.2,24.9,205,7,0,0
2023-07-25,202014,1360,4598,6.67,38.2,28.3,24.9,20.2,30,25.2,28.9,22.1,33.2,28.1,27.7,24.8,27.8,22.3,30.1,24.42857143,206,7,1,0
2023-07-26,200402,227,4463,1.45,36,23.8,24.5,19.4,29.8,25.4,26.2,22.2,33.4,26.8,27.8,25,25.8,22.1,29.07142857,23.52857143,207,7,2,0
2023-07-27,202085,443,4459,3.05,31.3,25.2,24,18.8,31.1,26,25.4,21.8,31.4,27.4,28.2,24.4,27.1,22.3,28.35714286,23.7,208,7,3,0
2023-07-28,197665,341,4451,1.6,34.8,26.6,25.8,19.2,36.1,27.6,24.4,21.7,33.4,27.1,27,24.6,25.6,21.3,29.58571429,24.01428571,209,7,4,0
2023-07-29,192758,154,4335,0.88,34.3,25,28.4,20.1,36.4,28.6,27.8,23,32.5,28.1,27.6,24.6,26.1,21.8,30.44285714,24.45714286,210,7,5,1
2023-07-30,195133,151,4342,0.88,31.6,25.3,26.7,19.8,36.9,28.8,29.8,23.2,30.8,28.2,29.6,25.4,27.3,21.9,30.38571429,24.65714286,211,7,6,1
2023-07-31,206362,604,4628,2.15,35.2,27.2,29.2,20.8,37.6,29.4,30.4,23.4,34.4,29.1,30.6,25.4,28.3,22.3,32.24285714,25.37142857,212,7,0,0
2023-08-01,206579,201,4700,1.65,35.6,26.6,29.3,20.8,38,29.5,30.9,22.1,34,26.8,30.6,25.8,27.7,22.1,32.3,24.81428571,213,8,1,0
2023-08-02,202247,21,4607,1.94,36.7,27.9,28,18.5,36.5,29.1,29.8,23.2,34.2,26.2,30.8,26.8,27.9,22.4,31.98571429,24.87142857,214,8,2,0
2023-08-03,205393,483,4607,2.42,36.2,25.2,28.3,20.2,37.3,29.5,28.6,23.5,29.5,26.6,30.8,26.8,27.8,22.5,31.21428571,24.9,215,8,3,0
2023-08-04,206265,375,4659,2.95,35,26.5,28.7,20.2,38.1,,29.1,23.3,32.3,28.6,30.8,26.5,28.3,22.3,31.75714286,24.56666667,216,8,4,0
2023-08-05,207385,571,4674,3.77,34.4,25,30.1,20.4,38,29.1,32.6,23.5,32.3,28.5,30.8,26,28.4,21.8,32.37142857,24.9,217,8,5,1
2023-08-06,198671,16,4534,0.84,33.5,26,29,21.2,37.9,29.1,32.5,23.5,32.3,26.9,30.5,27,28.1,21.9,31.97142857,25.08571429,218,8,6,1
2023-08-07,209855,1261,4687,4.87,35.6,26.8,29.8,20.6,38.2,28.8,32.2,23.2,28.7,27.5,30.7,27.5,27.6,22.6,31.82857143,25.28571429,219,8,0,0
2023-08-08,215457,5378,4815,30.43,34.5,26.6,29.6,20.5,37.3,29.1,31,23.5,29.2,25.9,31.2,27,28.3,22.9,31.58571429,25.07142857,220,8,1,0
2023-08-09,220957,7837,4863,42.18,34.4,26.6,28.4,20.8,35.9,28.3,31.4,24.2,30.4,26.2,31.4,27.2,29.2,22.3,31.58571429,25.08571429,221,8,2,0
2023-08-10,224840,8307,4907,57.69,34.2,27,30.4,21.8,37.3,27,31.7,24.1,32.2,26.6,31.1,26,30.3,22.1,32.45714286,24.94285714,222,8,3,0
2023-08-11,228963,5921,4978,49.32,35.2,27.7,30,22,36.8,25.2,32.8,24.9,30.7,25.2,31.3,26.2,29.4,21.1,32.31428571,24.61428571,223,8,4,0
2023-08-12,225637,2154,5002,13.3,35.4,27.3,30.4,22.3,33.2,26.9,32.8,24.7,32.2,26.6,31.6,25.8,30.3,21.9,32.27142857,25.07142857,224,8,5,1
2023-08-13,219375,58,4896,0.83,36.1,26.9,31.3,21,36.1,26.4,30.6,23.7,31.4,26.5,31.6,26.8,29.4,21.4,32.35714286,24.67142857,225,8,6,1
2023-08-14,227645,2543,4960,13.82,35.3,26.8,30.4,20,36.6,23.6,31.9,23.8,30.5,26.6,31.5,27,28.8,22.3,32.14285714,24.3,226,8,0,0
2023-08-15,214418,554,4828,4.25,35.5,27.1,30,21,33.7,25,31.6,23.6,33,28.2,31.7,27,30.4,21.8,32.27142857,24.81428571,227,8,1,0
2023-08-16,233032,5915,5031,37.65,35.2,26.4,31,21,35.4,,31.8,24.4,32.8,27.6,31.8,27.2,27.5,22,32.21428571,24.76666667,228,8,2,0
2023-08-17,234058,7255,5122,53.96,36.1,27.5,31.8,21.8,35,26.4,32.4,24.7,33.4,27.6,31.7,26.8,30.5,21.7,32.98571429,25.21428571,229,8,3,0
2023-08-18,231611,4208,5099,30.2,36.7,28.2,31,21.2,36.9,24,30.8,24.9,31.8,26.2,31.7,27,27.3,21.4,32.31428571,24.7,230,8,4,0
2023-08-19,220724,4402,4961,28.61,37.4,25.4,29.5,21.1,35.4,28.3,28.8,22.2,31.8,27.2,31.8,26,29.2,21.9,31.98571429,24.58571429,231,8,5,1
2023-08-20,214773,1704,4825,21.77,35.6,27.6,29,20.2,35.9,25.4,24.9,23,32.2,27.6,30.8,26.4,28.4,21.7,30.97142857,24.55714286,232,8,6,1
2023-08-21,226242,9109,4966,89.17,36.8,28.4,29.5,20.9,35.9,28.2,30.9,23.4,33.7,28,30.7,25.4,27,20.9,32.07142857,25.02857143,233,8,0,0
2023-08-22,230041,2742,5031,48.21,38.1,29,30.8,21.8,35.5,26.6,32.3,24.4,34.2,28.6,31.5,25.2,30.1,21.3,33.21428571,25.27142857,234,8,1,0
2023-08-23,216520,525,4898,5.56,35.8,26.8,31,22,34.1,25.4,31.6,24.2,32.2,28.8,29.5,25.2,29.5,21.5,31.95714286,24.84285714,235,8,2,0
2023-08-24,218998,886,4902,6.23,29.4,24.3,31.6,21.6,34.4,23.8,32.8,24.4,33.1,26.1,30.8,26.1,29.9,21.4,31.71428571,23.95714286,236,8,3,0
2023-08-25,223936,606,4940,5.49,33.2,25.5,30.5,20.6,34.9,25.6,32.4,24.6,31.5,26.5,31.6,26.3,29.5,21.9,31.94285714,24.42857143,237,8,4,0
2023-08-26,224108,1829,4939,9.76,35.3,26.3,32.2,21.8,36.1,27.6,33.8,24.5,27.5,25.6,31.6,24,28.1,21.4,32.08571429,24.45714286,238,8,5,1
2023-08-27,217926,419,4873,3.74,35.6,26.9,31.8,22.2,35.6,24.5,32.6,24.8,29.8,26.7,30.8,24.8,29.1,21.3,32.18571429,24.45714286,239,8,6,1
2023-08-28,229194,567,5050,4.03,36.2,26.4,31.4,21.9,33.4,26,34.1,23.1,33.4,29.1,31.2,25,29.9,21.8,32.8,24.75714286,240,8,0,0
2023-08-29,233768,8554,5109,55.05,35.6,26.6,32.6,22.6,36.2,22.8,32.6,23.4,34.3,28.8,31.4,25.6,29.6,21.4,33.18571429,24.45714286,241,8,1,0
2023-08-30,233289,4008,5073,60.22,36.5,27.3,30.6,21.9,35.1,26.1,32.3,23.2,34.4,27.6,31.6,25.4,30.8,20.7,33.04285714,24.6,242,8,2,0
2023-08-31,236598,7318,5126,90.09,36.3,25.9,32.5,22.9,36.7,25.7,33.1,22.8,34.5,29.6,31.9,25.4,31.9,21.5,33.84285714,24.82857143,243,8,3,0
2023-09-01,239978,10745,5219,124.28,36.8,27.2,31,20,35.8,27,34.2,24.5,34.8,26.8,32.6,26.6,33.8,22.8,34.14285714,24.98571429,244,9,4,0
2023-09-02,238620,8016,5224,111.22,37,27.3,29.5,22.2,34.9,28.3,34.2,25.4,34,29.4,32.3,25.4,32.3,22.3,33.45714286,25.75714286,245,9,5,1
2023-09-03,223121,744,5026,25.83,36.8,25.5,29.6,21.4,35.6,26.3,34.6,22.5,34.4,27,29.4,24.2,27.5,21.2,32.55714286,24.01428571,246,9,6,1
2023-09-04,226227,1482,5029,9.97,37.2,26.3,28.1,21,35.1,25.2,27.8,22.8,33,25.4,27.9,25,29.1,22.1,31.17142857,23.97142857,247,9,0,0
2023-09-05,222695,1474,5000,13.39,40.1,26.4,25.6,20.6,30.8,26.8,25.2,21.5,30.6,26,32.2,24.6,29.3,20.6,30.54285714,23.78571429,248,9,1,0
2023-09-06,219272,1404,4926,9.54,38.6,25.9,27.4,20.4,30.9,27.1,26,22.8,31.5,26,32,25.7,30.8,21.3,31.02857143,24.17142857,249,9,2,0
2023-09-07,213344,17,4770,2.05,37.6,27,28.5,21.2,34.1,25.8,28.2,22.1,32.3,26.5,32.3,26,30.3,22.8,31.9,24.48571429,250,9,3,0
2023-09-08,209280,374,4681,3.66,37.7,26.4,29,21,35.5,25,29.3,23.6,30.7,26.2,27.6,23.8,27.1,20.8,30.98571429,23.82857143,251,9,4,0
2023-09-09,205024,331,4638,5,36.4,23.2,28.5,20.8,35.1,27.4,28,23,29.2,26.1,28.8,24.2,25.4,21.2,30.2,23.7,252,9,5,1
2023-09-10,196402,90,4490,2.28,32,23.5,30.5,21.2,35.8,28,29.5,23.4,32.1,27.6,30.5,26.8,27.4,22.8,31.11428571,24.75714286,253,9,6,1
2023-09-11,210647,93,4720,0.95,28.3,23.7,29.5,21.2,34.7,28.2,28.4,22.5,34.1,28.1,31.9,26.5,29.1,22.4,30.85714286,24.65714286,254,9,0,0
2023-09-12,212715,1473,4856,6.14,33.5,24.8,28.5,20.8,35.5,28.5,30.9,23,34.1,28.7,31.7,26.6,30.8,21.6,32.14285714,24.85714286,255,9,1,0
2023-09-13,219070,1938,4925,15.58,34.5,25.7,30.3,21,36.1,26.9,30.1,23.1,33.6,27.1,32.3,27,30.2,21.6,32.44285714,24.62857143,256,9,2,0
2023-09-14,221334,2076,4929,12.26,36.1,27.8,29.3,20,35.2,25.6,30.7,23.7,32.1,26.6,32.3,25,30.3,21.2,32.28571429,24.27142857,257,9,3,0
2023-09-15,210789,1061,4795,8.24,37.6,23.7,27.7,20.8,35.1,26.9,30.6,21.6,28.8,26.2,31.7,23.8,30.8,21.4,31.75714286,23.48571429,258,9,4,0
2023-09-16,207986,502,4654,4.27,34.2,24.8,27.8,21.2,35.8,27.8,31.2,23.6,29.9,27.6,32.1,26.4,30.2,22.3,31.6,24.81428571,259,9,5,1
2023-09-17,188165,10,4284,2.13,33.8,24.3,28.5,21.3,35.5,23.8,31.4,22.9,33.3,27.6,30.3,26,27.7,22,31.5,23.98571429,260,9,6,1
2023-09-18,195709,363,4366,2.21,33.1,25.3,29.5,20.5,35.1,25.9,31.9,23.5,34.2,28.4,30.8,25.6,28.7,21.3,31.9,24.35714286,261,9,0,0
2023-09-19,198939,1255,4453,8.9,34.3,26.4,29.5,21,34.9,24.3,32.2,23.6,32.3,26.5,32.1,25.2,29.7,21.5,32.14285714,24.07142857,262,9,1,0
2023-09-20,206441,1144,4611,9.68,36.1,26.6,30,20.8,34.7,27.3,32.6,24.4,31.2,27,32.3,25.8,30.1,22.1,32.42857143,24.85714286,263,9,2,0
2023-09-21,207060,627,4636,4.49,37.2,27.3,30,20.8,36.1,25.5,32.7,24,29.2,26.2,32.6,25.7,30.4,22,32.6,24.5,264,9,3,0
2023-09-22,202024,399,4556,2.51,37.2,26.5,30,20.6,34.3,25.6,29,22.1,28.8,26.7,31.7,25.4,30.8,22.3,31.68571429,24.17142857,265,9,4,0
2023-09-23,198935,331,4403,2.22,36.8,27,30,21.4,35.3,27.5,28.6,23.3,29.7,25.9,28.7,25.4,29.5,21.9,31.22857143,24.62857143,266,9,5,1
2023-09-24,187208,58,4198,1.88,35.1,24.4,30.8,21.6,33.9,25.5,30.8,24.1,29.6,25.7,28.9,24.6,28.6,21,31.1,23.84285714,267,9,6,1
2023-09-25,200912,534,4352,4.01,34.4,23.6,30,21.3,36.4,24.7,29.6,23.5,30.3,25.1,29.8,24.8,30.2,21.8,31.52857143,23.54285714,268,9,0,0
2023-09-26,206715,627,4518,4.2,35.6,24.4,28.5,21,34.8,26.3,29.8,22.5,31.8,26.4,31.3,25.4,30.7,22,31.78571429,24,269,9,1,0
2023-09-27,204900,1160,4586,8.34,35.5,24.1,29.9,,35.2,25.8,30.9,23.5,33.6,27.6,31.6,25,31.8,21.1,32.64285714,24.51666667,270,9,2,0
2023-09-28,205481,875,4573,11.55,34.8,22.2,28.5,21,35.7,24.6,32.6,22.6,33.6,27.5,30.6,23.9,28.6,21.1,32.05714286,23.27142857,271,9,3,0
2023-09-29,206542,679,4573,13.75,35.2,21.4,27.8,20.4,35.1,,33.5,22.5,33.6,28.5,33.6,24.7,31.5,21.2,32.9,23.11666667,272,9,4,0
2023-09-30,201554,215,4507,4.68,35.5,22.6,27.1,21,35,24.5,32,23,31.7,25.9,33.5,24.4,30.7,21.5,32.21428571,23.27142857,273,9,5,1
2023-10-01,191315,128,4317,1.35,35.8,22.1,28.1,21.1,35.5,26.3,31.2,23.7,28.4,25.9,32.8,25,29.6,22.9,31.62857143,23.85714286,274,10,6,1
2023-10-02,190972,732,4245,3.48,35.3,20.1,29.3,20.2,35.4,27.3,30.7,23.7,30.3,26.1,30.9,24.4,29.1,21,31.57142857,23.25714286,275,10,0,0
2023-10-03,201337,595,4426,5.84,35.1,18.3,29.7,20.4,35.2,27.8,30.7,23.3,29.1,26.1,31.4,25,27.8,21.8,31.28571429,23.24285714,276,10,1,0
2023-10-04,203442,2951,4517,11.29,34.4,18.5,29.8,21,36.2,27.7,31.6,22.8,29.1,25.2,31.3,25.4,31.2,21.1,31.94285714,23.1,277,10,2,0
2023-10-05,207184,1464,4558,8.23,34.4,19.4,30.1,21.7,36.5,25.4,33,21.4,28.6,26,32,24.7,33.4,19.3,32.57142857,22.55714286,278,10,3,0
2023-10-06,211251,2998,4651,23.68,35.1,18.6,30.5,21.7,36.2,27.2,32.9,20.2,30,26.7,32.6,24.6,32.4,19.2,32.81428571,22.6,279,10,4,0
2023-10-07,211534,5807,4662,54.76,36.3,20.9,29.8,21.8,34.4,26,32.9,20.5,30.4,26.7,32,24.8,33.6,20.4,32.77142857,23.01428571,280,10,5,1
2023-10-08,210077,1709,4617,23.82,35.5,23.1,29.7,21.9,34.8,27.4,33.6,20.7,31.6,26.5,32.7,25,33.9,20.7,33.11428571,23.61428571,281,10,6,1
2023-10-09,219781,6711,4735,49.59,36.5,24.4,29.8,21.4,33.6,27.8,33.8,21.2,33.1,28.2,33.5,26.2,34.1,20.9,33.48571429,24.3,282,10,0,0
2023-10-10,221627,5364,4764,45.55,36.7,22.7,29.4,20.6,34.1,28.1,34,21.2,33.6,28.1,35.9,25.1,34,19.2,33.95714286,23.57142857,283,10,1,0
2023-10-11,220980,3374,4779,32.06,36.1,19.4,29.7,21.3,34.4,26.8,33.2,22.3,34.4,28,34.8,26.1,34.6,19.5,33.88571429,23.34285714,284,10,2,0
2023-10-12,218918,1942,4758,14.56,35,16.4,28.6,21,34.4,26.1,33.2,21.2,34.8,27.5,33.6,24.6,34.7,20.3,33.47142857,22.44285714,285,10,3,0
2023-10-13,220362,1198,4773,6.55,34.7,19.8,29.3,19.7,33.3,25.5,33.2,20.9,34,27.3,34.7,26.8,33.8,19.9,33.28571429,22.84285714,286,10,4,0
2023-10-14,215858,1260,4721,7.12,36.2,21.1,31,20.1,33,25.7,33.4,22,34,25.4,35.1,25.8,34.4,19.5,33.87142857,22.8,287,10,5,1
2023-10-15,200980,317,4494,2.33,36.5,21.6,31.4,21.6,32.5,24.5,32.9,22.2,32.7,25.5,34.8,26.4,34.6,19.7,33.62857143,23.07142857,288,10,6,1
2023-10-16,206826,420,4415,3.65,34.6,21.1,31.2,21.5,32.8,26,33.7,22.5,33.6,25.6,34.6,26.6,34.7,20.9,33.6,23.45714286,289,10,0,0
2023-10-17,200887,1227,4372,7.5,30.5,17.2,29.2,21.1,33.2,25.7,32.5,22.5,33.2,26.1,35.6,26.2,34,21,32.6,22.82857143,290,10,1,0
2023-10-18,203357,1342,4461,5.33,26.2,17.3,30.5,18.6,33.1,25.8,33.3,20.7,31.7,25.6,34.6,26.8,34.4,21.2,31.97142857,22.28571429,291,10,2,0
2023-10-19,206736,495,4503,3.97,30.7,15.9,30,19.4,32.9,25.9,33.4,20.3,32.6,25.4,36.4,24,34.3,21.8,32.9,21.81428571,292,10,3,0
2023-10-20,209025,234,4493,2.08,30.4,16.1,29.5,19.4,33.8,24.9,33.1,22.5,32.3,24.1,36.1,25.4,34.1,21.7,32.75714286,22.01428571,293,10,4,0
2023-10-21,204716,7,4441,0.38,31.1,15.8,30.7,20.5,34.1,23.8,33,21.6,32.2,23.5,35.9,25.5,32.3,21.4,32.75714286,21.72857143,294,10,5,1
2023-10-22,197037,0,4298,0.25,31.4,15.6,30.2,21.7,31.5,24.6,32.8,21.8,32.1,25.4,37.4,26,32.9,22.3,32.61428571,22.48571429,295,10,6,1
2023-10-23,199617,50,4264,0.21,31.3,17.2,31.3,19.6,33.2,25.2,32.6,18.9,32.1,25,36.3,25,33.4,18.2,32.88571429,21.3,296,10,0,0
2023-10-24,192544,0,4142,0.17,31.5,16.1,30.5,17.1,34.9,23.3,32.1,18.2,31.3,24.6,36,24.4,34.1,18.5,32.91428571,20.31428571,297,10,1,0
2023-10-25,204240,70,4313,0.52,32.1,16,31.6,17.3,34.6,24.3,32.4,18,29.6,24.3,36,23.4,33.6,18.2,32.84285714,20.21428571,298,10,2,0
2023-10-26,206927,577,4449,2.74,31.6,15.8,31.4,18.4,34.6,24.8,32.1,17.7,31,24.5,36.5,22.4,32.9,17.3,32.87142857,20.12857143,299,10,3,0
2023-10-27,207407,665,4439,4.63,31.8,15.2,30.8,19.6,33.3,26.1,31.7,16.6,31.7,24.7,36.1,21.4,32.6,14.4,32.57142857,19.71428571,300,10,4,0
2023-10-28,206604,378,4395,2.48,32.2,14.3,29.3,20.7,32.5,26,31.8,18.2,30.1,23.4,36.5,21.6,32.1,14,32.07142857,19.74285714,301,10,5,1
2023-10-29,197158,266,4233,1.31,32.5,16.3,29.8,21.4,33.3,26.3,32.7,21.4,30.2,21.7,36.4,21.5,32.3,14.5,32.45714286,20.44285714,302,10,6,1
2023-10-30,204397,1057,4332,4,33.4,16.2,29.5,20.4,33.5,23.6,31.2,21.1,30.1,22.7,36.4,22.8,31.4,15.2,32.21428571,20.28571429,303,10,0,0
2023-10-31,203826,638,4378,1.88,33.5,17.3,28.3,19.9,30.3,25.2,31.5,21.4,30.8,23.1,36.8,23,32.1,16.4,31.9,20.9,304,10,1,0
2023-11-01,203839,350,4355,1.63,32.2,16.4,27.2,20.4,30.9,26.3,30.8,22.1,31.6,23.5,36.3,22.5,31.2,14.9,31.45714286,20.87142857,305,11,2,0
2023-11-02,203068,537,4369,4.63,32.3,16.3,29.2,20.4,32.6,25.6,30.7,22.2,32.4,24.1,36,22,31.8,14.7,32.14285714,20.75714286,306,11,3,0
2023-11-03,204605,457,4370,3.88,30.2,16.8,28.5,21.2,30.1,25.6,31.5,23.7,33,25,36,22.6,32.4,16,31.67142857,21.55714286,307,11,4,0
2023-11-04,201946,254,4310,1.14,30,16.6,31.3,20.8,30.6,24.6,31.2,23.2,32.4,23.7,36.6,24,32.1,16.8,32.02857143,21.38571429,308,11,5,1
2023-11-05,192944,77,4107,0.74,29.5,15.8,29,20.8,31.3,25.2,31.3,22.8,31.6,24.1,36.8,23.4,31.9,18,31.62857143,21.44285714,309,11,6,1
2023-11-06,198571,464,4191,1.8,31.5,13.5,29,21.7,31.1,25.4,30.8,22.6,31.1,23.7,36.1,22.8,32.1,16.1,31.67142857,20.82857143,310,11,0,0
2023-11-07,196615,857,4201,4.19,31.5,14.9,28.7,19.1,31,25.6,30.8,22.6,31.1,21.6,34.4,21.4,31.4,16.4,31.27142857,20.22857143,311,11,1,0
2023-11-08,197001,883,4199,3.53,31.7,15.1,25.6,20.5,31.5,25.1,30.7,22.7,29.6,22.1,35.6,23.8,31.7,20.6,30.91428571,21.41428571,312,11,2,0
2023-11-09,194095,293,4160,3.39,30.3,15.5,28.2,20.6,32.6,25.8,30,21.8,29.4,21.2,34.8,25.4,29.5,19.4,30.68571429,21.38571429,313,11,3,0
2023-11-10,194379,393,4115,2.4,30.7,16.2,27.6,19.8,30.7,25.1,30.8,22.6,30,21.3,35.6,25,32.1,20.7,31.07142857,21.52857143,314,11,4,0
2023-11-11,184825,87,3938,0.49,22.7,13.8,27.6,18.4,31.1,24.5,31.4,20.4,30,21.3,35.7,24.8,30.8,19.2,29.9,20.34285714,315,11,5,1
2023-11-12,168985,0,3581,0.27,26.3,12.4,30,18.3,31.3,24.4,32.2,19.8,29.8,22.2,36.3,23.6,31.5,17.7,31.05714286,19.77142857,316,11,6,1
2023-11-13,164063,0,3467,0.09,27.5,11.8,28.4,17.5,31.7,25,32.4,19.8,29.8,21.2,36.5,23.6,31.8,17.3,31.15714286,19.45714286,317,11,0,0
2023-11-14,172997,11,3624,0.36,27.3,12,28.2,18.5,32.1,24.1,31.4,20.6,29.9,21.1,36.6,22.4,31.6,16.6,31.01428571,19.32857143,318,11,1,0
2023-11-15,179300,0,3756,0.71,25.9,10.9,24.7,19.4,26.2,24,30.2,19.5,30.3,21.1,36.4,22.6,31.5,16.3,29.31428571,19.11428571,319,11,2,0
2023-11-16,186130,226,3891,1.16,27.4,13,28.4,19.1,26,23.9,30.7,18.9,30.2,23.9,35.9,21.6,31.2,14.4,29.97142857,19.25714286,320,11,3,0
2023-11-17,193831,74,3989,1.47,27.5,12,29.6,21,29.8,24.5,31.6,18,27,23.6,35.2,21.6,30.6,14.4,30.18571429,19.3,321,11,4,0
2023-11-18,195832,122,4044,1.66,28.2,15,29.7,20.2,31.2,25.2,31.6,20.5,27.4,21.1,34.8,22.4,30.3,14.9,30.45714286,19.9,322,11,5,1
2023-11-19,190047,0,3913,0.53,28.7,12.2,30,19.1,30.9,24.2,31.5,21.5,28.8,21,35.2,21.8,31.6,16.9,30.95714286,19.52857143,323,11,6,1
2023-11-20,197068,319,4055,1.91,27.2,12,29.9,18.9,31.9,25.4,30.6,19.1,29.4,20.8,33.9,24.4,32.6,18.5,30.78571429,19.87142857,324,11,0,0
2023-11-21,197845,322,4110,4.22,27.1,11.5,29.3,20.4,28.6,25,31.3,21.1,29,22.2,36.5,24.2,31.5,17.4,30.47142857,20.25714286,325,11,1,0
2023-11-22,196989,607,4100,3.03,27.1,10.6,27.4,21.1,26.1,25,29,21.1,29.6,20.1,35.6,22.8,30.6,14.9,29.34285714,19.37142857,326,11,2,0
2023-11-23,196282,361,4083,3.94,25.7,9.2,28.3,20.8,27.9,23.8,31.7,21.5,28.6,19.1,35.5,21.6,31.7,15.6,29.91428571,18.8,327,11,3,0
2023-11-24,198154,137,4078,1.58,26.7,9.4,28,19.9,29.5,24.4,24.7,20.9,27.8,18.9,35.6,22.8,31.2,17.3,29.07142857,19.08571429,328,11,4,0
2023-11-25,194855,181,4022,0.81,27,10.2,27,20.2,31.6,24.3,26.6,21.3,28,19.6,36.3,24,30.1,17.9,29.51428571,19.64285714,329,11,5,1
2023-11-26,184198,0,3763,0.79,25.9,10.4,26.7,18.8,30.2,25.4,28.2,22.4,28.8,19.4,35.7,22.7,30.3,21.3,29.4,20.05714286,330,11,6,1
2023-11-27,177636,80,3643,0.56,26.4,13.4,27.1,20.2,30.7,,28.7,21.6,29.3,19.5,32.2,22,32.6,19.7,29.57142857,19.4,331,11,0,0
2023-11-28,180012,7,3730,0.43,24.2,14.2,29,20,31.1,24.6,29.2,21.6,28.2,19.5,30.3,23.5,30.8,18.8,28.97142857,20.31428571,332,11,1,0
2023-11-29,181442,153,3772,0.72,22,11.5,28.2,20.7,30.5,24.2,30,21.7,28.9,20.7,31.3,21,29.1,17.3,28.57142857,19.58571429,333,11,2,0
2023-11-30,177582,144,3706,1.5,25.5,12.6,28.5,19.7,27.5,23.6,29.8,21.9,28.1,20.9,31,19.7,30.3,18.6,28.67142857,19.57142857,334,11,3,0
2023-12-01,181216,155,3761,1.38,25.1,15.4,28.3,73.8,27.6,92,29.7,22.4,29.3,22.2,31.5,22.4,32.2,18.6,29.1,38.11428571,335,12,4,0
2023-12-02,180646,161,3750,0.53,,,27.4,18.7,29,23.8,,,,,,,,,28.2,21.25,336,12,5,1
2023-12-03,174165,0,3606,1.12,,,27.4,20.4,27.3,23.7,,,,,,,,,27.35,22.05,337,12,6,1
2023-12-04,175512,216,3630,1.74,,,24.5,20.2,24.7,23.4,,,,,,,,,24.6,21.8,338,12,0,0
2023-12-05,176479,179,3647,0.92,,,23.6,19.4,30.7,23.5,,,,,,,,,27.15,21.45,339,12,1,0
2023-12-06,182116,102,3711,0.93,,,28.2,19.4,32,23.6,,,,,,,,,30.1,21.5,340,12,2,0
2023-12-07,181948,147,3766,0.75,,,31.2,20.4,30.4,23.2,,,,,,,,,30.8,21.8,341,12,3,0
2023-12-08,187684,156,3822,2,,,30.1,21.1,28.8,23.5,,,,,,,,,29.45,22.3,342,12,4,0
2023-12-09,185527,303,3810,2.11,,,27.6,21.4,30.8,23.7,,,,,,,,,29.2,22.55,343,12,5,1
2023-12-10,181865,259,3706,1.56,,,28.4,20.2,29.9,23.8,,,,,,,,,29.15,22,344,12,6,1
2023-12-11,192307,239,3883,3.7,,,29,19.5,28.7,23.8,,,,,,,,,28.85,21.65,345,12,0,0
2023-12-12,195651,348,3967,6.6,,,29,19.4,29.4,22.6,,,,,,,,,29.2,21,346,12,1,0
2023-12-13,198520,242,4021,2.66,,,28.6,18.3,28.1,21.6,,,,,,,,,28.35,19.95,347,12,2,0
2023-12-14,200564,381,4054,4.34,,,27.5,17.7,29.4,22.4,,,,,,,,,28.45,20.05,348,12,3,0
2023-12-15,202697,142,4072,5.65,,,26.5,17.4,26.7,24.1,,,,,,,,,26.6,20.75,349,12,4,0
2023-12-16,199275,497,4044,4.04,,,26.3,19.1,29.6,23.9,,,,,,,,,27.95,21.5,350,12,5,1
2023-12-17,194911,51,3907,1.98,,,27.3,20.3,30,24,,,,,,,,,28.65,22.15,351,12,6,1
2023-12-18,203058,288,4020,1.35,,,25,19,29,24.1,,,,,,,,,27,21.55,352,12,0,0
2023-12-19,204239,282,4108,2.66,,,23.6,17.7,29.2,22.9,,,,,,,,,26.4,20.3,353,12,1,0
2023-12-20,207427,393,4139,3.3,,,27.3,17.7,29,24.3,,,,,,,,,28.15,21,354,12,2,0
2023-12-21,206140,1048,4152,6.8,,,,,28.6,22.7,,,,,,,,,28.6,22.7,355,12,3,0
2023-12-22,209760,796,4187,8.49,,,27.2,18,28.8,21.3,,,,,,,,,28,19.65,356,12,4,0
2023-12-23,206815,693,4145,5.46,,,29.2,16.4,29.2,20.1,,,,,,,,,29.2,18.25,357,12,5,1
2023-12-24,201253,579,4018,2.96,,,29,15,28.5,21.1,,,,,,,,,28.75,18.05,358,12,6,1
2023-12-25,206421,176,4068,1.43,,,30,18.6,28.1,23.1,,,,,,,,,29.05,20.85,359,12,0,0
2023-12-26,210024,415,4161,3.6,,,,,28.5,21.3,,,,,,,,,28.5,21.3,360,12,1,0
2023-12-27,212097,328,4203,2.47,,,,,29.8,22.6,,,,,,,,,29.8,22.6,361,12,2,0
2023-12-28,211417,690,4230,4.57,,,28.9,17.4,30.2,23.4,,,,,,,,,29.55,20.4,362,12,3,0
2023-12-29,213620,926,4258,7.02,,,28.2,18.9,29.2,23.4,,,,,,,,,28.7,21.15,363,12,4,0
2023-12-30,209381,670,4231,10.71,,,26.8,17.8,29.8,23.1,,,,,,,,,28.3,20.45,364,12,5,1
2023-12-31,205249,4,4102,0.76,,,29,17.1,29.4,21.9,,,,,,,,,29.2,19.5,365,12,6,1
2024-01-01,207953,20,4101,4.04,,,27.3,17,29.2,21.3,,,,,,,,,28.25,19.15,1,1,0,0
2024-01-02,209524,952,4162,4.35,,,28.2,18.5,28.9,21.5,,,,,,,,,28.55,20,2,1,1,0
2024-01-03,210785,1304,4239,15.45,,,,,28.6,22.3,,,,,,,,,28.6,22.3,3,1,2,0
2024-01-04,208037,1161,4248,20.39,,,25.5,18.8,29.8,23.6,,,,,,,,,27.65,21.2,4,1,3,0
2024-01-05,210777,1324,4263,22.13,,,29.2,18.9,28.8,23.7,,,,,,,,,29,21.3,5,1,4,0
2024-01-06,211224,531,4237,5.87,,,28.4,18.5,28.5,23.9,,,,,,,,,28.45,21.2,6,1,5,1
2024-01-07,203047,434,4080,4.89,,,28.6,18,26.7,23.2,,,,,,,,,27.65,20.6,7,1,6,1
2024-01-08,204828,284,4178,10.33,,,29.6,19.9,26.9,23.7,,,,,,,,,28.25,21.8,8,1,0,0
2024-01-09,207039,538,4226,10.03,,,,,29,24.5,,,,,,,,,29,24.5,9,1,1,0
2024-01-10,212121,1406,4271,11.27,,,25.4,17.5,29.6,23.3,,,,,,,,,27.5,20.4,10,1,2,0
2024-01-11,215228,410,4323,4.23,,,26.4,17.4,29.4,22.8,,,,,,,,,27.9,20.1,11,1,3,0
2024-01-12,219800,738,4388,5.69,,,29.6,16.9,29.8,21.8,,,,,,,,,29.7,19.35,12,1,4,0
2024-01-13,217645,1713,4357,13.95,,,28.4,16.6,29.8,22,,,,,,,,,29.1,19.3,13,1,5,1
2024-01-14,207217,407,4157,3.65,,,28,18,30.8,20.9,,,,,,,,,29.4,19.45,14,1,6,1
2024-01-15,212774,1083,4198,7.98,,,29.8,17,30,20,,,,,,,,,29.9,18.5,15,1,0,0
2024-01-16,215183,1481,4281,15.1,,,29.9,17.4,30,20,,,,,,,,,29.95,18.7,16,1,1,0
2024-01-17,214411,2118,4357,25.97,,,29.1,17.3,30,19.2,,,,,,,,,29.55,18.25,17,1,2,0
2024-01-18,214834,2169,4413,18.3,,,29.1,17.1,29.8,19.1,,,,,,,,,29.45,18.1,18,1,3,0
2024-01-19,219640,2708,4478,30.98,,,29.2,17,30,20.8,,,,,,,,,29.6,18.9,19,1,4,0
2024-01-20,218071,2291,4461,28.18,,,29.5,17.8,29.8,22,,,,,,,,,29.65,19.9,20,1,5,1
2024-01-21,213206,854,4333,10.7,,,29.5,17.9,30.2,21.9,,,,,,,,,29.85,19.9,21,1,6,1
2024-01-22,221330,1639,4414,22.14,,,30.5,18.5,30.6,21.4,,,,,,,,,30.55,19.95,22,1,0,0
2024-01-23,217114,3374,4441,39.38,,,30.6,16.3,29.8,21.2,,,,,,,,,30.2,18.75,23,1,1,0
2024-01-24,217134,4734,4451,42.99,,,30.4,17.9,31,22.1,,,,,,,,,30.7,20,24,1,2,0
2024-01-25,222327,5384,4483,40.41,,,30,18.9,30.7,20.6,,,,,,,,,30.35,19.75,25,1,3,0
2024-01-26,215128,958,4291,12.55,,,29.5,17.5,29.8,22.2,,,,,,,,,29.65,19.85,26,1,4,0
2024-01-27,219550,502,4356,9.32,,,29.5,16.2,30.6,22.4,,,,,,,,,30.05,19.3,27,1,5,1
2024-01-28,215887,361,4328,4.26,,,28.7,,30.3,21.6,,,,,,,,,29.5,21.6,28,1,6,1
2024-01-29,222283,1649,4441,15.52,,,28.5,17.6,29.1,21.3,,,,,,,,,28.8,19.45,29,1,0,0
2024-01-30,219094,2288,4460,23.65,,,29,16.3,30.1,19.9,,,,,,,,,29.55,18.1,30,1,1,0
2024-01-31,220092,1844,4421,22.74,,,30.4,16.4,30.8,21.2,,,,,,,,,30.6,18.8,31,1,2,0
2024-02-01,211794,746,4320,5.93,,,31.6,19.3,30.7,23.5,,,,,,,,,31.15,21.4,32,2,3,0
2024-02-02,218600,876,4421,10.66,,,31.4,20.1,30.8,22.9,,,,,,,,,31.1,21.5,33,2,4,0
2024-02-03,214106,797,4391,6.76,,,31.3,20.2,30.8,23.1,,,,,,,,,31.05,21.65,34,2,5,1
2024-02-04,206344,80,4176,2.5,,,30.6,18.6,31,23,,,,,,,,,30.8,20.8,35,2,6,1
2024-02-05,214108,1013,4297,5.85,,,31.4,18.3,30.2,21.1,,,,,,,,,30.8,19.7,36,2,0,0
2024-02-06,215684,709,4421,8.24,,,31.8,18.1,30.5,20.9,,,,,,,,,31.15,19.5,37,2,1,0
2024-02-07,216413,678,4443,10.52,,,33.1,17.4,31,20.7,,,,,,,,,32.05,19.05,38,2,2,0
2024-02-08,217272,3170,4441,12.72,,,34.1,18.4,32.2,21.1,,,,,,,,,33.15,19.75,39,2,3,0
2024-02-09,220140,2029,4464,18.47,,,34.2,18.4,31.4,22.1,,,,,,,,,32.8,20.25,40,2,4,0
2024-02-10,216992,856,4432,14.19,,,33.2,19.2,31.8,24,,,,,,,,,32.5,21.6,41,2,5,1
2024-02-11,210290,339,4260,3.73,,,31.2,18,30.6,23,,,,,,,,,30.9,20.5,42,2,6,1
2024-02-12,217018,1161,4362,9.9,,,31,16.5,30.8,21.7,,,,,,,,,30.9,19.1,43,2,0,0
2024-02-13,218065,674,4428,6.66,,,32,17.2,30.8,22.5,,,,,,,,,31.4,19.85,44,2,1,0
2024-02-14,220547,0,4434,2.63,,,,,31,23.3,,,,,,,,,31,23.3,45,2,2,0
2024-02-15,219502,297,4445,1.5,,,31.2,17.9,30.4,21.9,,,,,,,,,30.8,19.9,46,2,3,0
2024-02-16,221986,350,4474,2.51,,,31.4,18.2,31.2,22.4,,,,,,,,,31.3,20.3,47,2,4,0
2024-02-17,218656,441,4447,3.07,,,30.4,17.7,31.4,21.9,,,,,,,,,30.9,19.8,48,2,5,1
2024-02-18,211372,333,4264,1.98,,,32,18.3,31.1,20.6,,,,,,,,,31.55,19.45,49,2,6,1
2024-02-19,213775,264,4337,1.31,,,32.6,18.4,31.9,21,,,,,,,,,32.25,19.7,50,2,0,0
2024-02-20,216812,638,4423,2.75,,,33,19.4,31.9,21.7,,,,,,,,,32.45,20.55,51,2,1,0
2024-02-21,215966,305,4434,5.09,,,,,32.9,22,,,,,,,,,32.9,22,52,2,2,0
2024-02-22,217388,1487,4468,8.35,,,32.8,21.8,32.2,23.4,,,,,,,,,32.5,22.6,53,2,3,0
2024-02-23,222003,1875,4527,12.62,26.2,7.6,33.4,21,32.6,26.6,34.6,21.2,28.2,20.6,30,19.5,32.1,11.7,31.01428571,18.31428571,54,2,4,0
2024-02-24,219478,673,4502,10.19,24.4,8.7,34.5,21.6,34,27.4,33.7,23.2,28.4,20.3,31.2,17.6,32.4,12.8,31.22857143,18.8,55,2,5,1
2024-02-25,214554,406,4331,2.08,24.6,8.3,32.5,21,33.6,26.2,33.3,22.1,28.2,20.9,32.7,15,33.6,10.9,31.21428571,17.77142857,56,2,6,1
2024-02-26,219480,427,4437,2.56,27,9.9,32,19,32.1,26.6,32.8,20.9,26.1,18.5,35.7,16.8,33.6,14.9,31.32857143,18.08571429,57,2,0,0
2024-02-27,219272,0,4455,1.67,25,12.3,31.2,20,32.1,26.4,30.9,20.7,28.4,19.1,37.5,21.8,35.1,18.2,31.45714286,19.78571429,58,2,1,0
2024-02-28,218553,473,4449,2.43,25.4,10.7,31.5,19,32.4,24.9,33.7,21.4,29.2,21.4,33.6,20.6,34.8,18.1,31.51428571,19.44285714,59,2,2,0
2024-02-29,218040,582,4508,3.5,25.5,11.4,33.3,18.1,32.4,24.1,33.6,20.8,30.1,21,34.8,21.8,35.1,18.4,32.11428571,19.37142857,60,2,3,0
2024-03-01,219075,320,4450,3.2,27.6,10.8,33.5,18.6,33.1,24.7,33.5,21.4,31,20.7,37.2,25.2,36,20.9,33.12857143,20.32857143,61,3,4,0
2024-03-02,203128,147,4237,1.25,29.6,15,32.8,19.4,33.3,24.7,34.9,23.1,31.5,20.5,35,23.3,36.1,17.7,33.31428571,20.52857143,62,3,5,1
2024-03-03,193298,132,4058,1.02,25.2,13.7,33.1,20,32.6,24.7,36.8,23.5,31.2,24,30.7,24.4,34.2,16.8,31.97142857,21.01428571,63,3,6,1
2024-03-04,206560,250,4262,0.63,26.2,9.5,33,20.3,32.9,23.6,35.3,21.7,31,22.9,28.8,17.9,31.4,13,31.22857143,18.41428571,64,3,0,0
2024-03-05,211528,619,4378,1.75,24.9,9,34.8,20.5,32.1,24.3,35.6,22.5,30.7,23.7,29.4,18,33.6,13.4,31.58571429,18.77142857,65,3,1,0
2024-03-06,213020,390,4406,1.38,23.4,9,36,22.2,32.1,24.4,35.5,23.8,31,20.8,33.3,17.8,35.8,14.4,32.44285714,18.91428571,66,3,2,0
2024-03-07,214946,319,4456,1.32,23.6,8.8,34.5,21.4,32.6,24.8,37.4,23.9,30.2,21.9,32.2,19,35,11.3,32.21428571,18.72857143,67,3,3,0
2024-03-08,219016,350,4447,1.24,26.4,9.6,34.8,21.5,34.1,25.4,37.3,23.3,26.7,19.3,33.5,19.5,35.6,15.1,32.62857143,19.1,68,3,4,0
2024-03-09,212226,495,4445,1.85,27.4,10,34.5,23.3,33.5,26.2,37,23.5,31.1,19.4,34.6,20,35.4,14.4,33.35714286,19.54285714,69,3,5,1
2024-03-10,206220,298,4337,1.45,26.9,10,35.1,23,33.1,26.4,35.6,23.5,31,19,35.2,19.5,35.9,14.8,33.25714286,19.45714286,70,3,6,1
2024-03-11,217995,839,4515,2.19,28.4,13.3,34.2,21.6,33.5,26.8,35.2,24.6,31.7,18.6,34.7,19.2,36.9,15.3,33.51428571,19.91428571,71,3,0,0
2024-03-12,218897,399,4615,1.64,31.4,14.2,34,21.8,33.5,26.1,35.4,23.7,32.2,22.8,34.1,20.9,36.9,16.5,33.92857143,20.85714286,72,3,1,0
2024-03-13,220555,70,4634,2.29,30.9,13,34.6,22,33.2,25.7,36.5,25.8,32.4,25.6,35.1,23.8,37.3,15.4,34.28571429,21.61428571,73,3,2,0
2024-03-14,217550,569,4663,2.47,31.4,14.6,34.2,23.5,33.5,26.7,37.8,24.6,32.6,26.1,31.7,21.3,35.4,14.9,33.8,21.67142857,74,3,3,0
2024-03-15,221701,1261,4694,4.02,30.4,13.9,34.6,24.2,33.4,26.5,37.1,24.1,33.1,26.5,31.5,20.4,36.1,14.1,33.74285714,21.38571429,75,3,4,0
2024-03-16,217346,95,4648,0.61,28.7,10.1,35.1,24,33.2,27,35.8,23,34.1,23.8,30.4,21,35.8,15.2,33.3,20.58571429,76,3,5,1
2024-03-17,205066,294,4445,2.08,30.3,11.9,34.5,22.1,32.9,26.5,34.4,23.7,31.8,23,31.9,21.5,35.4,15.6,33.02857143,20.61428571,77,3,6,1
2024-03-18,218272,0,4593,0.67,30.8,12.2,34.4,22.2,32.8,25.5,33.6,24.3,30.3,24,32.5,22.6,36,16,32.91428571,20.97142857,78,3,0,0
2024-03-19,215800,485,4596,1.53,30.6,12.2,34.1,22.3,33.2,25.6,34.6,25.6,29.7,23.7,32,22.5,35.4,16.1,32.8,21.14285714,79,3,1,0
2024-03-20,212150,0,4475,1.08,31.3,13.7,34.5,21,33.1,25.6,35,22.4,30.4,18.7,34.2,20.2,35.8,14.9,33.47142857,19.5,80,3,2,0
2024-03-21,208363,107,4485,0.24,33.6,16.4,34.6,20.5,33.1,27.7,32,22.4,21.1,18.2,38.7,21.4,36.1,14.2,32.74285714,20.11428571,81,3,3,0
2024-03-22,214313,0,4575,0.26,30.1,18,32.6,21.2,33.2,26.9,34.6,22.4,26.3,20,38.8,24,37.2,18.5,33.25714286,21.57142857,82,3,4,0
2024-03-23,211750,0,4586,0.28,32.6,16.2,33,21.3,34.1,25.8,36.7,23.6,28.8,21.8,35.4,22.5,37.5,17.5,34.01428571,21.24285714,83,3,5,1
2024-03-24,199723,0,4360,0,34.1,16.9,34.6,21.2,34,25.4,37.5,26.7,32.4,25.5,32.6,23.2,37.7,17.7,34.7,22.37142857,84,3,6,1
2024-03-25,182600,0,4059,0.13,29.8,15.8,35.4,21,33.7,25.6,37.3,24.6,33.6,25.7,32.5,23.5,37.7,18.9,34.28571429,22.15714286,85,3,0,0
2024-03-26,202753,0,4317,0.23,33.2,17.7,35.2,21,33.1,24.6,37,24.5,34,22.7,33.6,22.9,38.9,18.6,35,21.71428571,86,3,1,0
2024-03-27,211199,443,4609,0.97,34.6,19.4,35.6,21,33.6,26,38.2,24.2,32.7,25.2,32.9,24.9,38.9,20.5,35.21428571,23.02857143,87,3,2,0
2024-03-28,215341,353,4748,1.99,37,21.2,35.2,22,33.8,25.9,37.6,24.6,33.9,26.8,32,24,39.5,20.9,35.57142857,23.62857143,88,3,3,0
2024-03-29,219734,267,4803,1.54,37,20.5,36,23.6,34.1,27,39.2,25.4,34.1,27.5,32.3,25,38.6,23.4,35.9,24.62857143,89,3,4,0
2024-03-30,213485,269,4735,1.38,37.8,21.8,36.4,23.2,34.8,26.5,40.2,26.2,34.7,27.3,32.5,24.1,39.1,22.5,36.5,24.51428571,90,3,5,1
2024-03-31,201533,114,4534,0.49,35.2,21.3,36.6,22.6,35.1,26.2,39.4,25.3,35.1,26.5,32.7,23.5,38.8,22.4,36.12857143,23.97142857,91,3,6,1
2024-04-01,207269,0,4622,0.47,35.2,18.4,35.4,23.4,34.6,27.7,38.2,25.2,35,27.1,34.5,24.5,38.4,20.3,35.9,23.8,92,4,0,0
2024-04-02,209499,153,4722,1.17,31.6,15.8,35.1,24.5,35,27.8,39.6,25.8,37.1,28.1,34.2,22.8,39.6,18.9,36.02857143,23.38571429,93,4,1,0
2024-04-03,212896,206,4801,2.72,33.5,17.3,37.2,24.3,35.2,27.7,39.7,27.2,36.7,28.5,32.9,22.5,39.2,18.9,36.34285714,23.77142857,94,4,2,0
2024-04-04,216469,1143,4864,9.58,36.6,20.4,36.6,22.4,36,28.6,39.6,26.4,37.1,27.7,33.2,23.2,39.4,19.4,36.92857143,24.01428571,95,4,3,0
2024-04-05,218365,21,4910,2.95,36.8,20.2,37,24,35.6,28.1,40.3,27.2,35.8,28.2,33.5,23.6,39.1,19.8,36.87142857,24.44285714,96,4,4,0
2024-04-06,215883,418,4883,2.91,36.4,20.2,37,23.6,34.7,27.2,40.3,26.2,36.7,28.5,35.8,23.9,39.6,19.5,37.21428571,24.15714286,97,4,5,1
2024-04-07,204312,0,4649,0.49,35.1,16.3,37.6,23,36.7,27.3,40.6,27.7,37.4,27.6,37,26.4,39.6,20.9,37.71428571,24.17142857,98,4,6,1
2024-04-08,209699,0,4717,0.2,35.6,17.4,37.2,24,37,28,40.7,27.3,30,25.9,36.6,23.3,38.5,17.8,36.51428571,23.38571429,99,4,0,0
2024-04-09,208147,0,4705,0.01,37.1,17.7,37,22.5,35.3,27.8,36.7,24.8,33.5,24,33.3,23.4,38.5,18.9,35.91428571,22.72857143,100,4,1,0
2024-04-10,209647,20,4721,0.59,38,17,35.2,22.5,34.5,27.1,35.8,24.9,35.2,26.3,34.2,24.8,39,19,35.98571429,23.08571429,101,4,2,0
2024-04-11,204821,0,4650,0.62,39.1,19.6,36,21.6,34.4,27.5,36.8,25.2,34.6,25.6,33,24.4,39.5,19.8,36.2,23.38571429,102,4,3,0
2024-04-12,206122,0,4651,0.19,39,21.7,35.8,22.6,34.9,29.2,35.6,24.9,32.3,24.7,33.6,24.4,39,20.8,35.74285714,24.04285714,103,4,4,0
2024-04-13,201608,0,4577,0.13,39.4,23,34.6,22.5,34.7,28.3,34.6,26.2,35.2,26.5,33.1,23.5,38.6,17.8,35.74285714,23.97142857,104,4,5,1
2024-04-14,195636,0,4440,0.31,39.3,21.4,34.5,22.3,35.5,27.6,33.8,26.4,36.9,26.8,32.5,23,39.1,18.1,35.94285714,23.65714286,105,4,6,1
2024-04-15,210339,129,4750,2.72,32.2,21.6,35.4,22,34.8,27,38.3,26.5,37.9,27.9,33.2,25.6,39.9,22.2,35.95714286,24.68571429,106,4,0,0
2024-04-16,214955,118,4860,5.18,35.2,24.8,35.9,25.2,34.6,24.8,39.1,29.4,38.7,,37.9,,40.8,,37.45714286,26.05,107,4,1,0
2024-04-17,212363,140,4854,1.73,,,36.7,24.5,37.3,25.7,,,,,,,,,37,25.1,108,4,2,0
2024-04-18,214072,0,4907,0.98,,,35.8,24.4,37.5,26.3,,,,,,,,,36.65,25.35,109,4,3,0
2024-04-19,214645,0,4864,3.18,39.2,24.3,37.2,24.4,37.3,29.4,40.8,28.3,32.4,28.3,31,27.5,30.6,24.7,35.5,26.7,110,4,4,0
2024-04-20,212500,0,4844,2.94,39.4,23.3,36.6,24.2,35.8,29.6,40.2,28.7,40.8,28.6,34.8,27.4,39.5,23.9,38.15714286,26.52857143,111,4,5,1
2024-04-21,209885,0,4679,2.53,37.2,24,34,24.2,35.6,29.2,35.6,25.9,40.2,29,35.4,27.2,39.2,20.9,36.74285714,25.77142857,112,4,6,1
2024-04-22,213853,586,4826,1.58,36.8,23,37.4,25.2,35.4,28.6,38.8,27.3,40.3,29.6,33.8,27.2,37.8,21.4,37.18571429,26.04285714,113,4,0,0
2024-04-23,211877,505,4843,1.78,37.6,22.6,37.2,24.8,35.7,28,39.8,26.5,39,27.8,34.8,25,39,21.7,37.58571429,25.2,114,4,1,0
2024-04-24,218109,740,4879,3.81,36.8,19,37.6,23.4,36.1,27.6,40.2,26.6,39.1,29.2,34.2,25.6,39.6,22.2,37.65714286,24.8,115,4,2,0
2024-04-25,222006,207,4991,1.39,37.5,20,37,24.8,35.6,28.4,39.9,26.2,40.5,28.8,34.2,26.5,38.5,22.9,37.6,25.37142857,116,4,3,0
2024-04-26,217029,50,4995,0.86,39.4,21.6,37.4,24.4,35.2,27.7,40.8,26.3,41.6,29.6,34.9,26.4,39.4,23.4,38.38571429,25.62857143,117,4,4,0
2024-04-27,222968,1954,5016,15.11,40.5,22.7,37.4,23.4,35.4,27.8,42.3,28.2,39.7,29.3,35.5,26.4,40.3,23.7,38.72857143,25.92857143,118,4,5,1
2024-04-28,214119,0,4874,21.51,38,23.5,38,23.4,35.2,27.8,40.9,28.7,41.1,29.5,36.6,27.2,39.9,23.8,38.52857143,26.27142857,119,4,6,1
2024-04-29,223110,993,5051,8.79,38.2,22.8,38.5,25,36,29.1,41.8,29.3,41.3,29.4,38.1,27,41.3,23.2,39.31428571,26.54285714,120,4,0,0
2024-04-30,224181,350,5108,4.27,38.3,22.2,37.8,25.2,36.2,29.6,41.6,28.6,41.7,29.7,39.1,27.4,41.8,22.4,39.5,26.44285714,121,4,1,0
2024-05-01,219379,0,4848,0.23,36.5,21,38.2,24.8,36.9,29.6,41.9,29.9,43,30,38.4,26.8,41.7,25.3,39.51428571,26.77142857,122,5,2,0
2024-05-02,222034,746,4974,3.63,33.7,19.3,38.1,25.2,39,30.5,42.8,29.2,42,29.1,34.2,25.9,38.9,18.7,38.38571429,25.41428571,123,5,3,0
2024-05-03,223849,0,5045,4.09,35.5,18.3,38.2,26.4,37.9,30.4,42.3,27.1,39.2,29.5,33,24.3,39.7,18.3,37.97142857,24.9,124,5,4,0
2024-05-04,229778,0,5112,2.3,38.1,23.2,37,23.3,38.1,30.6,43.6,28.4,39.2,29.1,33,25.4,40.1,21.5,38.44285714,25.92857143,125,5,5,1
2024-05-05,218085,0,4969,2.78,40.3,22.7,37.6,24.1,37.3,30.6,43.1,30.2,37.2,29.3,33.7,26.6,39.6,22.5,38.4,26.57142857,126,5,6,1
2024-05-06,233007,30,5130,3.26,41.1,24.4,37,24.2,37,30.6,42.8,28.1,36.4,29.8,34.7,26.8,40.3,24.6,38.47142857,26.92857143,127,5,0,0
2024-05-07,224744,0,4941,0.01,40.7,24.2,36.3,21.2,35.9,30.1,41.9,29.3,35.4,21.7,33,26.8,38.6,22.3,37.4,25.08571429,128,5,1,0
2024-05-08,223816,206,4900,0.41,42,27.5,33.8,22.4,36.1,25.9,40.4,21.9,32.7,22.2,33.7,26.6,39.3,22.5,36.85714286,24.14285714,129,5,2,0
2024-05-09,219387,26,4935,0.19,38.2,26,34.2,20.2,35.4,29.6,36.8,26.6,30.4,25.8,33.6,26.8,39.4,23.6,35.42857143,25.51428571,130,5,3,0
2024-05-10,223524,0,4900,0.28,38.8,27.7,33.6,22,35.6,29.6,37,26.2,32,21.9,33.7,26.8,39.3,24.3,35.71428571,25.5,131,5,4,0
2024-05-11,216337,0,4749,0.3,39,24.9,31.9,21,36.4,30.1,37.8,25.2,30.4,24.8,33.6,26.4,37.7,21.2,35.25714286,24.8,132,5,5,1
2024-05-12,206852,0,4659,0.03,38.7,25.8,32.6,24,35.4,29.8,36.8,27.7,33.8,23.3,33.9,27.6,37.8,19.8,35.57142857,25.42857143,133,5,6,1
2024-05-13,216992,276,4776,0.6,39.8,27.5,33.6,21,35.8,,37.8,23.5,32.7,26.6,34.5,28.6,31.4,23.3,35.08571429,25.08333333,134,5,0,0
2024-05-14,220332,290,4848,4.57,40.2,23.9,30.4,20.2,36,29.3,35.9,27.3,34.2,27.8,34.8,23.2,36.3,22.7,35.4,24.91428571,135,5,1,0
2024-05-15,226152,902,4961,11.2,40.6,22.9,31.4,22.2,36,29.1,37.2,24.4,35,28.1,36.8,26.8,37.1,21.4,36.3,24.98571429,136,5,2,0
2024-05-16,226371,132,5016,6.2,41.2,24.8,31.8,23.2,35.2,27.3,36.8,26.7,36.2,29.2,37.2,28.8,37.5,22,36.55714286,26,137,5,3,0
2024-05-17,225926,318,5050,7.97,42.5,25.4,30.5,22.1,31.5,26.2,35.6,22.3,36.9,29.2,35.9,28.4,36.8,23,35.67142857,25.22857143,138,5,4,0
2024-05-18,229578,0,5085,6.94,43.6,27.1,29.2,22,31.3,27.4,31.9,24.5,38.1,29.5,36,29,36.6,24.4,35.24285714,26.27142857,139,5,5,1
2024-05-19,218499,40,4864,2.7,43.7,28.2,29.3,22,34.9,27,32.8,24.7,37.4,28.5,34.9,29,38.1,25.3,35.87142857,26.38571429,140,5,6,1
2024-05-20,228719,11,4995,0.24,44.4,29.2,28.6,22,35.2,27.6,34.8,25.4,36.6,29.5,34.6,29,38.7,22.3,36.12857143,26.42857143,141,5,0,0
2024-05-21,233806,1185,5075,9.47,44.1,30.7,29.1,21.7,35.1,28.2,36,25.6,35.4,25.9,34.8,29,38.8,25.7,36.18571429,26.68571429,142,5,1,0
2024-05-22,235062,300,5168,5.03,42.4,30.9,31.6,22.1,35.3,28.2,36.4,26.6,34.1,28.7,34.9,29.6,40.6,27.3,36.47142857,27.62857143,143,5,2,0
2024-05-23,236597,2224,5181,14.22,43.4,30.6,31.5,23.2,35.4,28.7,36.8,23.1,36.1,26.2,34.7,28.9,38.9,25.7,36.68571429,26.62857143,144,5,3,0
2024-05-24,239963,1685,5269,10.71,41,30.8,33.4,24.4,36.3,29.7,36.4,26.9,34.8,27.6,34.9,29.4,37.9,26.5,36.38571429,27.9,145,5,4,0
2024-05-25,233979,119,5215,7.83,41.7,30.6,32,21.6,37.9,30.7,39.7,27.8,36.7,29.2,34.6,29,37.6,25.4,37.17142857,27.75714286,146,5,5,1
2024-05-26,222114,0,4979,1.16,43.4,27,30.7,21.6,37,29,39.9,27.3,37,26.8,34.4,29.4,35.9,25.3,36.9,26.62857143,147,5,6,1
2024-05-27,232615,151,5121,4.19,45.4,29.2,30.2,21.9,38.9,30.8,40.2,27,31.2,25,34.4,29.8,35.7,25.9,36.57142857,27.08571429,148,5,0,0
2024-05-28,237946,308,5259,3.4,45.1,27.4,31.6,22.4,40.6,31,37.8,26.7,27.8,25.2,34.6,29.4,29.9,23.2,35.34285714,26.47142857,149,5,1,0
2024-05-29,246069,203,5408,3.26,45.8,29.4,31.2,22.2,41.1,31.7,39.3,27.3,33,27.8,34.6,29.5,35.6,24.1,37.22857143,27.42857143,150,5,2,0
2024-05-30,250070,118,5466,1.32,46.8,30.4,31.8,22,40.4,30.5,40.2,29.4,33.3,30.2,35,29.2,35.7,24.4,37.6,28.01428571,151,5,3,0
2024-05-31,249159,1168,5416,8.62,45.6,29,33,23.3,40.1,31.7,40.4,29.7,34,23.7,35.3,29.2,36.5,24.9,37.84285714,27.35714286,152,5,4,0
2024-06-01,245419,0,5290,1.36,45.8,30.2,35.4,24.6,40.2,31.4,41,30.5,30.2,25,35.6,29.4,37.1,24.9,37.9,28,153,6,5,1
2024-06-02,225900,211,4975,8.01,44.2,30.4,33.8,20.4,37.6,29.5,39.8,29.9,33.5,28.2,35.5,29.6,37.2,25.1,37.37142857,27.58571429,154,6,6,1
2024-06-03,236379,1416,5112,15.17,42.8,30.2,31.8,19.3,37.4,,40.6,23.6,34.4,27.9,35.4,30,36.6,25.2,37,26.03333333,155,6,0,0
2024-06-04,240890,343,5207,4.11,44.7,30.4,29.5,21.8,36,29.7,32.6,26,33.9,29,35.5,29,35.3,24.1,35.35714286,27.14285714,156,6,1,0
2024-06-05,238588,0,5119,1.75,43.8,31,31.4,23,36.3,26,35.8,24.6,35.3,27.2,35.6,28.5,36.6,21.2,36.4,25.92857143,157,6,2,0
2024-06-06,230073,25,4919,1.94,44,24.6,31.2,21.6,36.3,25.9,36.1,24.5,36,29.9,35.3,29.6,34.7,23.8,36.22857143,25.7,158,6,3,0
2024-06-07,231951,360,5030,3.06,41.2,28,29.6,21.8,35,25.4,34.9,24,37,28.3,35.6,29.6,34.9,22.9,35.45714286,25.71428571,159,6,4,0
2024-06-08,224763,318,4992,2.39,43,30,29,21.4,32.8,26.3,33.3,23.9,37.1,29,35.3,27.6,34.4,23.4,34.98571429,25.94285714,160,6,5,1
2024-06-09,217242,0,4847,2.03,41.4,27.4,29.6,20.8,34,27.9,33,23.8,35.4,29.8,36,25.5,34.6,21.2,34.85714286,25.2,161,6,6,1
2024-06-10,228617,390,5025,6.43,42.5,28.6,29.6,21.2,35.8,28.7,30.4,24.6,39.2,30.4,32.8,24.2,29.2,21.6,34.21428571,25.61428571,162,6,0,0
2024-06-11,231017,388,5141,7.67,43.4,28,27.1,21.6,38,27.4,34,24.4,37.6,30.2,31,25,31.3,22.4,34.62857143,25.57142857,163,6,1,0
2024-06-12,233391,247,5161,3.19,43.8,28.5,29.2,21.5,36.5,27.6,31.7,23,36.6,29.7,32.6,27.6,31.5,24.2,34.55714286,26.01428571,164,6,2,0
2024-06-13,234856,64,5188,2.02,44.7,29.4,29,21.2,36.9,24.5,32.6,23.7,35.8,27.9,33.9,27.3,31.8,24.4,34.95714286,25.48571429,165,6,3,0
2024-06-14,233615,441,5225,6.19,44.8,33.3,29.6,21,35,28,33.7,23.7,35,30.1,33.9,26,31.9,23.9,34.84285714,26.57142857,166,6,4,0
2024-06-15,238957,2012,5252,15.51,44,32.4,29.1,21.1,36.4,28.8,33.2,25.1,37.4,30.2,32.7,26.4,30.6,23.2,34.77142857,26.74285714,167,6,5,1
2024-06-16,231161,509,5144,21.8,44.6,33.2,30,21,34.3,29.1,34.4,25.9,36.6,29.3,33.7,26.9,32.4,22.7,35.14285714,26.87142857,168,6,6,1
2024-06-17,240135,1842,5309,36.25,44.9,33,30.1,21.5,38.8,27.8,34.9,26.1,36.4,30.2,34.3,27.6,33.8,23.2,36.17142857,27.05714286,169,6,0,0
2024-06-18,239329,753,5314,19.37,45.2,33.8,30.8,22,37.7,24.2,35.9,24.2,36.2,30,34.3,26.6,34.3,24.4,36.34285714,26.45714286,170,6,1,0
2024-06-19,239060,1342,5237,16.2,44,34.8,30.3,22.2,34.9,24.5,34.7,26.3,35.3,30.4,34.8,25.5,33.1,22.9,35.3,26.65714286,171,6,2,0
2024-06-20,229780,225,5045,4.15,,,31,22,35.5,26.6,,,,,,,,,33.25,24.3,172,6,3,0
2024-06-21,227661,970,5077,6.66,,,,,35.7,24.9,,,,,,,,,35.7,24.9,173,6,4,0